system:index,GDD_ss_2018,aridity_2018,fips5,gridID,lat,lon,ppt_aug_2018,ppt_jul_2018,ppt_jun_2018,pr_early_2018,pr_grow_2018,state,tc_def_jul_2018,tc_def_may_2018,tc_soilm_aug_2018,tmax_aug_2018,tmax_jul_2018,tmax_jun_2018,tmax_may_2018,tmin_aug_2018,tmin_jul_2018,tmin_jun_2018,tmin_may_2018,uniqueID,vpd_july_2018,vpd_jun_2018,.geo
0000a50c04dafea1845f,1066,0.5992147698894825,26001,195.0,44.83176763965728,-83.5727241700496,121.25186860561371,102.68282735347748,25.27088764309883,264.9738202393055,355.53314089775085,MI,643,0,282,26.414025878906273,28.022027587890648,23.638726806640648,22.139154052734398,15.028436279296898,14.045861816406273,9.873376464843773,6.924554443359398,0195_183,0.9645393490791321,0.732099175453186,
00004d35d1011b9fd23a,1102,0.5868544299283973,26007,195.0,44.867980031809594,-83.57239652477092,107.06337055563927,121.90891754627228,24.078293353319168,263.6167616248131,355.7793695628643,MI,634,0,281,27.340661621093773,29.039758300781273,24.061151123046898,22.326837158203148,15.110894775390648,14.202172851562523,9.797357177734398,6.904840087890648,0195_003,1.082326889038086,0.7661721110343933,
000029bf18f8d67dd8e8,1106,0.5363618161255179,26007,195.0,44.89974156178057,-83.57289531670385,96.00631201267242,111.88781958818436,22.31348419189453,258.0089884400368,333.92840537428856,MI,635,0,281,27.517358398437523,28.824578857421898,23.583154296875023,21.814599609375023,15.423760986328148,14.580285644531273,10.121484375000023,7.116906738281273,0195_235,1.0533523559570312,0.7225938439369202,
000088cda3336ba45f2c,1076,0.45723720123125006,26007,195.0,44.955884699424224,-83.5432645387908,93.94233003258705,75.80660903453827,19.412629544734955,226.91730561852455,301.64820179343224,MI,664,16,274,26.341668701171898,27.484643554687523,22.154107666015648,20.159844970703148,16.190728759765648,15.503778076171898,11.040704345703148,7.883660888671898,0195_043,0.9006018042564392,0.6098287105560303,
0000e57beb528bb776dd,1082,0.4544850313333376,26007,195.0,44.96092608198055,-83.54872672119421,97.29201784729958,71.52538907527924,22.716142058372498,228.33019787073135,308.13646453619003,MI,666,0,280,26.811578369140648,28.146478271484398,22.883386230468773,21.042565917968773,15.689233398437523,14.913476562500023,10.294854736328148,7.302911376953148,0195_015,0.9749174118041992,0.6614052057266235,
0000853fa866e481178a,1064,0.4499763373406957,26007,195.0,45.0678419584776,-83.5287969664362,99.40888971090317,70.53791096806526,18.660961002111435,209.85095882415771,314.2542678117752,MI,663,0,277,26.284509277343773,27.323052978515648,22.502160644531273,20.645440673828148,15.853601074218773,15.090203857421898,10.611474609375023,7.395776367187523,0195_177,0.8737272024154663,0.633844792842865,
0000f3d34784b975a973,1099,0.45651174900023433,26007,195.0,45.13928840975261,-83.86194824486064,84.36836445331573,82.95482814311981,37.70445963740349,231.76388102769852,341.7555846273899,MI,792,0,286,27.429589843750023,28.506250000000023,24.288262939453148,22.866326904296898,14.625634765625023,14.012475585937523,9.843591308593773,6.891687011718773,0195_179,1.029755711555481,0.7830806374549866,
00008f33105efb02f33f,1098,0.4647416000111769,26007,195.0,45.13584792794199,-83.8240835578918,85.0233767926693,87.40918669104576,35.67269840836525,229.54740411043167,348.89171290397644,MI,764,0,285,27.389825439453148,28.476556396484398,24.160089111328148,22.703637695312523,14.764520263671898,14.120782470703148,9.881066894531273,6.929650878906273,0195_055,1.022372841835022,0.7749940752983093,
00002b655739bf095f99,1093,0.4565506612264859,26007,195.0,45.16632833359507,-83.7607569504192,86.57507112622261,83.58183500170708,33.14623498916626,227.1122748851776,349.74187457561493,MI,751,0,285,27.382226562500023,28.412072753906273,24.041040039062523,22.577294921875023,14.768334960937523,14.105645751953148,9.851770019531273,6.899987792968773,0195_060,1.0046329498291016,0.7631533145904541,
0000cbca59b95d3863d2,1087,0.4579503572234198,26007,195.0,45.13263649425725,-83.6899443875121,93.62828290462494,78.0140694975853,30.76467376947403,223.5192350745201,353.4886218011379,MI,740,0,281,27.231958007812523,28.338220214843773,23.909112548828148,22.385308837890648,14.836877441406273,14.148187255859398,9.836846923828148,6.923455810546898,0195_135,0.988208532333374,0.7510477304458618,
0000e0813996b978b319,1080,0.4408470172965071,26007,195.0,45.13960193365395,-83.61807240071086,90.72265082597733,72.91133716702461,29.19401642680168,221.83189669251442,340.3389976620674,MI,716,0,282,27.016931152343773,28.355157470703148,23.741418457031273,22.118707275390648,14.847314453125023,14.235192871093773,9.747705078125023,6.936303710937523,0195_037,0.9844228625297546,0.7341858148574829,
0000401d2567363a02a2,1080,0.4408470172965071,26007,195.0,45.153556014582094,-83.62190215782705,90.72265082597733,72.91133716702461,29.19401642680168,221.83189669251442,340.3389976620674,MI,716,0,282,27.016931152343773,28.355157470703148,23.741418457031273,22.118707275390648,14.847314453125023,14.235192871093773,9.747705078125023,6.936303710937523,0195_100,0.9844228625297546,0.7341858148574829,
000039b143e67aa2fb83,1078,0.41569390524787625,26007,195.0,45.15180326567892,-83.60297151746543,82.57033449411392,69.96896642446518,28.47574946284294,223.018181681633,322.89045745134354,MI,712,0,280,27.042901611328148,28.378900146484398,23.640618896484398,21.965844726562523,14.849237060546898,14.308038330078148,9.712121582031273,6.918969726562523,0195_170,0.9806492924690247,0.721565306186676,
0000b0f26362ce3ef9e3,1073,0.44628060082715726,26007,195.0,45.129520386065614,-83.60710936213557,96.41014587879181,69.52667647600174,27.556958734989166,214.97347348928452,325.3481014072895,MI,686,0,280,26.849328613281273,28.242089843750023,23.594171142578148,21.939691162109398,14.893792724609398,14.278375244140648,9.718988037109398,6.954156494140648,0195_024,0.9722837209701538,0.718671441078186,
00005c2374f99601c1ab,1086,0.4003668296388915,26007,195.0,45.1349207575178,-83.56760365202241,79.8833367228508,68.1890778541565,26.003246515989304,223.59671640396118,308.1003935933113,MI,706,0,279,27.110772705078148,28.404107666015648,23.425927734375023,21.643609619140648,15.222009277343773,14.644464111328148,9.946710205078148,7.020898437500023,0195_052,0.9818034172058105,0.7033205628395081,
00005ec2a8fee6c00f6d,1073,0.427110374550951,26007,195.0,45.10255520337613,-83.56080050770278,90.82086533308029,67.26589900255203,24.995007932186127,214.56935235857964,309.91105353832245,MI,690,0,278,26.716882324218773,28.037225341796898,23.229028320312523,21.559381103515648,15.269525146484398,14.544488525390648,9.925317382812523,7.075372314453148,0195_046,0.9428970813751221,0.6844287514686584,
0000e2ef71072f81c406,1073,0.427110374550951,26007,195.0,45.1064243272199,-83.55366500781238,90.82086533308029,67.26589900255203,24.995007932186127,214.56935235857964,309.91105353832245,MI,690,0,278,26.716882324218773,28.037225341796898,23.229028320312523,21.559381103515648,15.269525146484398,14.544488525390648,9.925317382812523,7.075372314453148,0195_130,0.9428970813751221,0.6844287514686584,
0000f4ecc7a86f926eed,1070,0.45517869120033316,26007,195.0,45.05354290555612,-83.56992423005414,104.59683737158775,67.2654370367527,20.144299417734146,216.14750057458878,314.3096916973591,MI,665,0,278,26.639703369140648,27.986993408203148,22.902276611328148,21.121057128906273,15.525689697265648,14.723931884765648,10.053094482421898,7.162469482421898,0195_098,0.9428330063819885,0.6533631682395935,
0000c3c33bbdc25cfc48,1070,0.45517869120033316,26007,195.0,45.04967340655177,-83.5770531796601,104.59683737158775,67.2654370367527,20.144299417734146,216.14750057458878,314.3096916973591,MI,665,0,278,26.639703369140648,27.986993408203148,22.902276611328148,21.121057128906273,15.525689697265648,14.723931884765648,10.053094482421898,7.162469482421898,0195_189,0.9428330063819885,0.6533631682395935,
0000407cb4a27e1a50ff,1067,0.4449119773817978,26007,195.0,45.06749548242272,-83.5737390844803,100.76768150925636,66.87484672665596,22.185748606920242,209.860985070467,318.90994691848755,MI,673,0,278,26.629296875000023,27.956292724609398,23.097131347656273,21.362878417968773,15.344049072265648,14.520501708984398,9.886071777343773,7.016290283203148,0195_054,0.9346382021903992,0.6713602542877197,
00001bbab2c29e458130,1071,0.4541522419948759,26007,195.0,45.06209418560562,-83.61320466396464,105.223712682724,65.10638198256493,26.13117840886116,212.87257006764412,328.7132239341736,MI,688,0,280,26.801202392578148,28.204095458984398,23.474847412109398,21.853753662109398,14.984216308593773,14.233514404296898,9.732598876953148,6.979425048828148,0195_034,0.9719223976135254,0.7086030840873718,
00000eb65c3588d1880a,1071,0.4541522419948759,26007,195.0,45.07933326372257,-83.60359624450592,105.223712682724,65.10638198256493,26.13117840886116,212.87257006764412,328.7132239341736,MI,688,0,280,26.801202392578148,28.204095458984398,23.474847412109398,21.853753662109398,14.984216308593773,14.233514404296898,9.732598876953148,6.979425048828148,0195_118,0.9719223976135254,0.7086030840873718,
00004ad4d3425109aa49,1071,0.4541522419948759,26007,195.0,45.089413886241594,-83.61455056531236,105.223712682724,65.10638198256493,26.13117840886116,212.87257006764412,328.7132239341736,MI,688,0,280,26.801202392578148,28.204095458984398,23.474847412109398,21.853753662109398,14.984216308593773,14.233514404296898,9.732598876953148,6.979425048828148,0195_202,0.9719223976135254,0.7086030840873718,
00003b6518eecfd8363e,1073,0.44628060082715726,26007,195.0,45.09598717903892,-83.58767816556774,96.41014587879181,69.52667647600174,27.556958734989166,214.97347348928452,325.3481014072895,MI,686,0,280,26.849328613281273,28.242089843750023,23.594171142578148,21.939691162109398,14.893792724609398,14.278375244140648,9.718988037109398,6.954156494140648,0195_182,0.9722837209701538,0.718671441078186,
000007e59baf2b5422c1,1073,0.44628060082715726,26007,195.0,45.107238572575916,-83.61124446114901,96.41014587879181,69.52667647600174,27.556958734989166,214.97347348928452,325.3481014072895,MI,686,0,280,26.849328613281273,28.242089843750023,23.594171142578148,21.939691162109398,14.893792724609398,14.278375244140648,9.718988037109398,6.954156494140648,0195_152,0.9722837209701538,0.718671441078186,
00000851e9a4b225e7c7,1088,0.4870507833966705,26007,195.0,45.053970646595126,-83.67239112154714,117.74139851331711,68.9702900648117,25.066253632307053,223.94887793064117,349.3806539773941,MI,698,0,285,27.282434082031273,28.376733398437523,23.950097656250023,22.288049316406273,14.882958984375023,14.150903320312523,9.683435058593773,6.898583984375023,0195_240,1.0030790567398071,0.7506712675094604,
0000fcd766436c97519a,1088,0.4870507833966705,26007,195.0,45.05726345353684,-83.65896549634522,117.74139851331711,68.9702900648117,25.066253632307053,223.94887793064117,349.3806539773941,MI,698,0,285,27.282434082031273,28.376733398437523,23.950097656250023,22.288049316406273,14.882958984375023,14.150903320312523,9.683435058593773,6.898583984375023,0195_106,1.0030790567398071,0.7506712675094604,
0000a5bc945dd9e39c8c,1088,0.4870507833966705,26007,195.0,45.030528098911205,-83.66390133059063,117.74139851331711,68.9702900648117,25.066253632307053,223.94887793064117,349.3806539773941,MI,698,0,285,27.282434082031273,28.376733398437523,23.950097656250023,22.288049316406273,14.882958984375023,14.150903320312523,9.683435058593773,6.898583984375023,0195_107,1.0030790567398071,0.7506712675094604,
000008a3be2965169fec,1090,0.5166819193345843,26007,195.0,44.998945254100924,-83.71455039483405,125.621766269207,74.92772316932678,23.96998158097267,228.60564470291138,366.6414385139942,MI,698,0,285,27.113031005859398,28.344110107421898,24.005548095703148,22.468774414062523,14.841485595703148,14.115380859375023,9.836511230468773,6.975091552734398,0195_070,0.9998633861541748,0.7559217214584351,
00008604138af75699f4,1090,0.5166819193345843,26007,195.0,44.99003384799007,-83.71618731776641,125.621766269207,74.92772316932678,23.96998158097267,228.60564470291138,366.6414385139942,MI,698,0,285,27.113031005859398,28.344110107421898,24.005548095703148,22.468774414062523,14.841485595703148,14.115380859375023,9.836511230468773,6.975091552734398,0195_147,0.9998633861541748,0.7559217214584351,
00008e3097fc484be56a,1096,0.5219185515111839,26007,195.0,44.981701531701965,-83.72411889474785,119.71364349126816,81.2231839299202,23.094537794589996,232.412585824728,361.9745546579361,MI,701,0,288,27.243127441406273,28.448785400390648,24.025506591796898,22.496423339843773,14.898370361328148,14.172570800781273,9.874414062500023,6.979638671875023,0195_131,1.020622730255127,0.7570627331733704,
0000828f0706c692386b,1078,0.4634413195326355,26007,195.0,45.02199378581807,-83.62063476994123,110.49274456501007,63.41117066144943,27.00276318192482,218.68882566690445,333.39053186774254,MI,691,0,282,27.216912841796898,28.389337158203148,23.801080322265648,22.135461425781273,14.829797363281273,14.042077636718773,9.525506591796898,6.729394531250023,0195_110,1.0031992197036743,0.7390445470809937,
0000bd223d697929e099,1078,0.4634413195326355,26007,195.0,45.04485512669116,-83.62280815460007,110.49274456501007,63.41117066144943,27.00276318192482,218.68882566690445,333.39053186774254,MI,691,0,282,27.216912841796898,28.389337158203148,23.801080322265648,22.135461425781273,14.829797363281273,14.042077636718773,9.525506591796898,6.729394531250023,0195_042,1.0031992197036743,0.7390445470809937,
0000370eaeef4371230c,1073,0.4533209121267955,26007,195.0,45.01637052940565,-83.6088647888213,106.73125514388084,62.84582784771919,25.16033148765564,217.00846737623215,321.68380534648895,MI,682,0,281,27.039147949218773,28.331781005859398,23.462213134765648,21.721978759765648,15.053857421875023,14.253228759765648,9.573083496093773,6.764276123046898,0195_186,0.9891722202301025,0.7057719230651855,
000030153570d75b8d94,1073,0.4533209121267955,26007,195.0,45.014616522812055,-83.58997310771116,106.73125514388084,62.84582784771919,25.16033148765564,217.00846737623215,321.68380534648895,MI,682,0,281,27.039147949218773,28.331781005859398,23.462213134765648,21.721978759765648,15.053857421875023,14.253228759765648,9.573083496093773,6.764276123046898,0195_018,0.9891722202301025,0.7057719230651855,
0000894963b2ed1206ef,1070,0.45517869120033316,26007,195.0,45.02446537584716,-83.54970378311359,104.59683737158775,67.2654370367527,20.144299417734146,216.14750057458878,314.3096916973591,MI,665,0,278,26.639703369140648,27.986993408203148,22.902276611328148,21.121057128906273,15.525689697265648,14.723931884765648,10.053094482421898,7.162469482421898,0195_151,0.9428330063819885,0.6533631682395935,
000054a950de27633def,1070,0.45517869120033316,26007,195.0,45.021183740776785,-83.56312820217165,104.59683737158775,67.2654370367527,20.144299417734146,216.14750057458878,314.3096916973591,MI,665,0,278,26.639703369140648,27.986993408203148,22.902276611328148,21.121057128906273,15.525689697265648,14.723931884765648,10.053094482421898,7.162469482421898,0195_010,0.9428330063819885,0.6533631682395935,
0000675ea60ff0517a0a,1070,0.45517869120033316,26007,195.0,44.995040155739076,-83.57439452000442,104.59683737158775,67.2654370367527,20.144299417734146,216.14750057458878,314.3096916973591,MI,665,0,278,26.639703369140648,27.986993408203148,22.902276611328148,21.121057128906273,15.525689697265648,14.723931884765648,10.053094482421898,7.162469482421898,0195_218,0.9428330063819885,0.6533631682395935,
000042aaaf217743d0e5,1070,0.45517869120033316,26007,195.0,45.003949928107346,-83.57273868592479,104.59683737158775,67.2654370367527,20.144299417734146,216.14750057458878,314.3096916973591,MI,665,0,278,26.639703369140648,27.986993408203148,22.902276611328148,21.121057128906273,15.525689697265648,14.723931884765648,10.053094482421898,7.162469482421898,0195_068,0.9428330063819885,0.6533631682395935,
00001d345d5a4369dab3,1079,0.44841277322084655,26007,195.0,44.97393704004546,-83.59111849716825,99.64988860487938,67.00628814101219,24.256309926509857,227.21452242136002,312.41250175237656,MI,672,0,282,27.105645751953148,28.382409667968773,23.458062744140648,21.681451416015648,15.148919677734398,14.384088134765648,9.734155273437523,6.841210937500023,0195_127,0.9994020462036133,0.7086579203605652,
0000c80b46fe187f6ef6,1079,0.44841277322084655,26007,195.0,44.97780659536119,-83.5839983825065,99.64988860487938,67.00628814101219,24.256309926509857,227.21452242136002,312.41250175237656,MI,672,0,282,27.105645751953148,28.382409667968773,23.458062744140648,21.681451416015648,15.148919677734398,14.384088134765648,9.734155273437523,6.841210937500023,0195_163,0.9994020462036133,0.7086579203605652,
00006da691a503282409,1097,0.4787008516507113,26007,195.0,44.944868135645834,-83.5709128102499,91.35568863153458,84.83733081817627,25.8683443069458,244.87483468651772,311.51974710822105,MI,658,0,280,27.169427490234398,28.444726562500023,23.094506835937523,21.332025146484398,15.704003906250023,14.889428710937523,10.349176025390648,7.328240966796898,0195_036,1.0090430974960327,0.6770549416542053,
00001085f05734bff04f,1097,0.4787008516507113,26007,195.0,44.949908263568744,-83.5763761694943,91.35568863153458,84.83733081817627,25.8683443069458,244.87483468651772,311.51974710822105,MI,658,0,280,27.169427490234398,28.444726562500023,23.094506835937523,21.332025146484398,15.704003906250023,14.889428710937523,10.349176025390648,7.328240966796898,0195_040,1.0090430974960327,0.6770549416542053,
0000eb44432c6cf4454e,1081,0.47701962644318585,26007,195.0,44.94275495686217,-83.59690089806529,96.61757844686508,78.61625927686691,25.55639934539795,241.1633356511593,314.78426891565323,MI,656,0,282,27.039025878906273,28.387384033203148,23.515374755859398,21.829797363281273,15.142327880859398,14.351037597656273,9.818444824218773,6.928216552734398,0195_159,1.0077468156814575,0.7159200310707092,
000049e52d029777b5ea,1078,0.45562469837753805,26007,195.0,44.956332721392506,-83.645582566897,104.29148757457733,66.67461401224136,24.379368036985397,226.74841186404228,323.274561047554,MI,681,0,283,27.389428710937523,28.367181396484398,23.872521972656273,22.163476562500023,14.754174804687523,13.981683349609398,9.459649658203148,6.627496337890648,0195_133,1.0038450956344604,0.7492835521697998,
0000ad4b659cf19899b5,1084,0.5348084951635464,26007,195.0,44.89762822159444,-83.59886592632692,102.28010356426239,102.70154345035553,21.66441982984543,251.8709256052971,334.0747380852699,MI,644,0,283,27.142999267578148,28.534173583984398,23.632714843750023,22.008355712890648,15.057244873046898,14.220178222656273,9.801141357421898,6.904107666015648,0195_249,1.028988003730774,0.7293778657913208,
0000c08e6d16e8afc3e3,1095,0.5962882024795538,26001,195.0,44.82753667663312,-83.62461138564193,123.5442083477974,107.6733295917511,21.851345598697662,257.5117614865303,363.46959152817726,MI,623,0,288,26.907373046875023,28.294000244140648,24.495996093750023,22.994195556640648,14.831964111328148,13.851068115234398,9.924829101562523,6.864312744140648,0195_114,1.0102428197860718,0.8078975677490234,
00004bbdc454a8e5e589,1080,0.6031676967191054,26001,195.0,44.84476715640022,-83.6150393239206,114.82853046059608,118.49135756492615,20.734318137168884,258.00088426470757,360.62283757328987,MI,641,0,285,26.820855712890648,28.394067382812523,23.804895019531273,22.176385498046898,15.001824951171898,14.105950927734398,9.815118408203148,6.916833496093773,0195_065,1.0124119520187378,0.7488242983818054,
0000762ef0ed7699cd38,1099,0.5498202348149078,26001,195.0,44.858711666170656,-83.61885169736455,112.41389879584312,106.59388095140457,18.82807570695877,253.62419739365578,348.67820233106613,MI,626,0,287,27.425256347656273,28.850640869140648,24.646478271484398,22.971582031250023,14.666040039062523,13.757775878906273,9.516503906250023,6.622796630859398,0195_232,1.0766665935516357,0.8316993117332458,
0000eb4c4ca5de5f301b,1095,0.5962882024795538,26001,195.0,44.843228265793485,-83.64726891098819,123.5442083477974,107.6733295917511,21.851345598697662,257.5117614865303,363.46959152817726,MI,623,0,288,26.907373046875023,28.294000244140648,24.495996093750023,22.994195556640648,14.831964111328148,13.851068115234398,9.924829101562523,6.864312744140648,0195_207,1.0102428197860718,0.8078975677490234,
0000ddd67d7501b3d16e,1093,0.5033386740666027,26007,195.0,44.88214767424992,-83.62730415634658,104.28585603833199,90.34264287352562,21.762417197227478,247.61885684728622,330.20540380477905,MI,659,0,286,27.647729492187523,28.643121337890648,24.204858398437523,22.481256103515648,14.752984619140648,13.922692871093773,9.514123535156273,6.652154541015648,0195_220,1.0483824014663696,0.7855982184410095,
00005f1c456e34781d8b,1093,0.5033386740666027,26007,195.0,44.89725848382126,-83.6436940782663,104.28585603833199,90.34264287352562,21.762417197227478,247.61885684728622,330.20540380477905,MI,659,0,286,27.647729492187523,28.643121337890648,24.204858398437523,22.481256103515648,14.752984619140648,13.922692871093773,9.514123535156273,6.652154541015648,0195_205,1.0483824014663696,0.7855982184410095,
0000c8642e335d215723,1086,0.49327154917752136,26007,195.0,44.8990044593766,-83.66255423148132,106.6461198925972,83.15343201160431,19.256711035966873,247.74971252679825,328.32821774482727,MI,657,0,288,27.203942871093773,28.482324218750023,24.177819824218773,22.512780761718773,14.760339355468773,13.924554443359398,9.622674560546898,6.731225585937523,0195_193,1.0296844244003296,0.7769115567207336,
000096a80441ed8d1919,1086,0.49327154917752136,26007,195.0,44.89009575868675,-83.66419560428628,106.6461198925972,83.15343201160431,19.256711035966873,247.74971252679825,328.32821774482727,MI,657,0,288,27.203942871093773,28.482324218750023,24.177819824218773,22.512780761718773,14.760339355468773,13.924554443359398,9.622674560546898,6.731225585937523,0195_212,1.0296844244003296,0.7769115567207336,
000055578ab472b1d019,1115,0.6087103935102713,26001,195.0,44.83451434834689,-83.69997783396097,124.42658668756485,117.84374982118607,18.20880636572838,253.54151624441147,376.29927775263786,MI,615,0,291,27.168054199218773,28.392205810546898,24.616448974609398,23.578698730468773,14.798730468750023,13.958581542968773,10.129205322265648,7.037133789062523,0195_209,1.0404675006866455,0.8218990564346313,
0000d371daf2874bc1c6,1094,0.5485145120452396,26001,195.0,44.85678465800066,-83.69588880212852,114.6772632598877,98.42493396997452,16.8697247505188,250.2307077050209,344.03242710232735,MI,637,0,290,26.868920898437523,28.032189941406273,24.032403564453148,22.741052246093773,15.002282714843773,14.109948730468773,10.127435302734398,7.139794921875023,0195_080,0.9868580102920532,0.7628901600837708,
00007921ce95d662954c,1094,0.5485145120452396,26001,195.0,44.85406885781385,-83.71555577099701,114.6772632598877,98.42493396997452,16.8697247505188,250.2307077050209,344.03242710232735,MI,637,0,290,26.868920898437523,28.032189941406273,24.032403564453148,22.741052246093773,15.002282714843773,14.109948730468773,10.127435302734398,7.139794921875023,0195_048,0.9868580102920532,0.7628901600837708,
00000f3d6653e8175e3f,1115,0.6087103935102713,26001,195.0,44.83625216047445,-83.71882188112245,124.42658668756485,117.84374982118607,18.20880636572838,253.54151624441147,376.29927775263786,MI,615,0,291,27.168054199218773,28.392205810546898,24.616448974609398,23.578698730468773,14.798730468750023,13.958581542968773,10.129205322265648,7.037133789062523,0195_215,1.0404675006866455,0.8218990564346313,
0000c6c5145b64677ced,1115,0.6087103935102713,26001,195.0,44.83856513226534,-83.74394878788134,124.42658668756485,117.84374982118607,18.20880636572838,253.54151624441147,376.29927775263786,MI,638,0,293,27.168054199218773,28.392205810546898,24.616448974609398,23.578698730468773,14.798730468750023,13.958581542968773,10.129205322265648,7.037133789062523,0195_032,1.0404675006866455,0.8218990564346313,
0000403038a496db313a,1085,0.5301374163946331,26007,195.0,44.91527256328167,-83.69153325192976,111.8109205365181,87.40220659971237,21.434712678194046,248.1882682144642,343.36670646071434,MI,657,0,288,26.757379150390648,28.032098388671898,23.881433105468773,22.409082031250023,15.007409667968773,14.149438476562523,10.024926757812523,7.100793457031273,0195_175,0.9770657420158386,0.7456997036933899,
0000875232a178e54384,1086,0.49327154917752136,26007,195.0,44.91353059684359,-83.67266778978592,106.6461198925972,83.15343201160431,19.256711035966873,247.74971252679825,328.32821774482727,MI,657,0,288,27.203942871093773,28.482324218750023,24.177819824218773,22.512780761718773,14.760339355468773,13.924554443359398,9.622674560546898,6.731225585937523,0195_238,1.0296844244003296,0.7769115567207336,
0000b55710e7f5b87c66,1085,0.4891292077103519,26007,195.0,44.93909563285645,-83.65516267574141,107.76730385422707,77.50892788171768,21.656903594732285,238.08410888910294,335.02565202116966,MI,674,0,287,27.381585693359398,28.537438964843773,23.914331054687523,22.322381591796898,14.791253662109398,14.010919189453148,9.610253906250023,6.719598388671898,0195_125,1.0333110094070435,0.7533508539199829,
0000ccc3eb63b19e53c9,1086,0.48937752830214526,26007,195.0,44.967570260737595,-83.66910962368938,112.90504145622253,73.8551255762577,22.583017617464066,227.85617834329605,342.77984577417374,MI,679,0,286,27.410455322265648,28.339440917968773,23.812615966796898,22.224328613281273,14.911920166015648,14.091760253906273,9.663293457031273,6.796838378906273,0195_245,1.001914620399475,0.7398467063903809,
000013d637852291bce8,1096,0.5219185515111839,26007,195.0,44.96989325163839,-83.69428387473089,119.71364349126816,81.2231839299202,23.094537794589996,232.412585824728,361.9745546579361,MI,679,0,286,27.243127441406273,28.448785400390648,24.025506591796898,22.496423339843773,14.898370361328148,14.172570800781273,9.874414062500023,6.979638671875023,0195_033,1.020622730255127,0.7570627331733704,
00007a1f9e31388b975f,1096,0.5219185515111839,26007,195.0,44.971052981462286,-83.70687165178643,119.71364349126816,81.2231839299202,23.094537794589996,232.412585824728,361.9745546579361,MI,679,0,286,27.243127441406273,28.448785400390648,24.025506591796898,22.496423339843773,14.898370361328148,14.172570800781273,9.874414062500023,6.979638671875023,0195_006,1.020622730255127,0.7570627331733704,
000099b4659565d569ca,1107,0.5297320925754196,26007,195.0,44.97683397152046,-83.769817035639,121.36148262023926,84.82078039646149,24.645603120326996,236.85113456845284,374.1474781036377,MI,710,0,290,27.505944824218773,28.591699218750023,24.272424316406273,22.762719726562523,14.829217529296898,14.103692626953148,9.934472656250023,7.032037353515648,0195_115,1.0555915832519531,0.7884383797645569,
0000f8ae2c47001b4a84,1109,0.5368110738092866,26007,195.0,44.932853579663345,-83.78424907912206,116.16108876466751,88.96368217468262,26.068759351968765,243.16230216622353,368.4990521967411,MI,696,0,292,27.577233886718773,28.773248291015648,24.540612792968773,22.954705810546898,14.677301025390648,13.904168701171898,9.856317138671898,6.904016113281273,0195_225,1.0750672817230225,0.8110306859016418,
000011d31f48f6a5311d,1097,0.5370648440209552,26007,195.0,44.92121327637642,-83.80555811842495,118.08883619308472,83.47523525357246,25.885523170232773,241.7006567120552,369.37789767980576,MI,714,0,294,27.248712158203148,28.418328857421898,24.354211425781273,23.075769042968773,14.619409179687523,13.834436035156273,9.772210693359398,6.919885253906273,0195_176,1.0345381498336792,0.7805594205856323,
0000b300a10d63dab5af,1113,0.5458658078004983,26007,195.0,44.88830082075279,-83.79237522379827,117.26207944750786,94.64748328924179,24.410361975431442,247.35240349173546,363.60301154851913,MI,683,0,293,27.524194335937523,28.720422363281273,24.742517089843773,23.158563232421898,14.661279296875023,13.855706787109398,9.923425292968773,6.986444091796898,0195_236,1.0782769918441772,0.8359172344207764,
000048e35bbc9c8b0c14,1100,0.5747732155045443,26007,195.0,44.87766334642648,-83.77514110979038,117.68775910139084,105.83433729410172,20.617949783802032,248.61091017723083,365.19772267341614,MI,661,0,295,27.189355468750023,28.323632812500023,24.374322509765648,23.158135986328148,14.741448974609398,13.828057861328148,9.930444335937523,7.020837402343773,0195_143,1.0286686420440674,0.7919952273368835,
0000461cd7d815207d1b,1096,0.6515164542692599,26001,195.0,44.84375213779534,-83.80049062373982,125.74684780836105,130.93526196479797,21.04104796051979,244.69492575526237,411.2414158284664,MI,665,0,300,27.245935058593773,28.523706054687523,24.597589111328148,23.400231933593773,14.418359375000023,13.509057617187523,9.747796630859398,6.845758056640648,0195_222,1.0564202070236206,0.8063321113586426,
00005592db8790bac11c,1102,0.5964173197590467,26007,195.0,44.86832454755335,-83.82157493339297,121.7912067770958,108.85731744766235,24.009306460618973,248.52344524860382,385.14722272753716,MI,669,0,298,27.302789306640648,28.529992675781273,24.611169433593773,23.391168212890648,14.532861328125023,13.649285888671898,9.790124511718773,6.902062988281273,0195_149,1.057591438293457,0.8074343800544739,
0000e64b83fc7d3bee5a,1102,0.5964173197590467,26007,195.0,44.87335356447982,-83.82705081873688,121.7912067770958,108.85731744766235,24.009306460618973,248.52344524860382,385.14722272753716,MI,669,0,298,27.302789306640648,28.529992675781273,24.611169433593773,23.391168212890648,14.532861328125023,13.649285888671898,9.790124511718773,6.902062988281273,0195_243,1.057591438293457,0.8074343800544739,
00001eff9923ee008fba,1103,0.5460983729387461,26007,195.0,44.884421030035625,-83.79947388838126,118.60274615883827,88.18296259641647,25.78335192799568,246.1975019276142,366.50880992412567,MI,711,0,295,27.346856689453148,28.536767578125023,24.571618652343773,23.331750488281273,14.573327636718773,13.681878662109398,9.810510253906273,6.906762695312523,0195_009,1.0459985733032227,0.8013308048248291,
000086db9511d662d29a,1103,0.5460983729387461,26007,195.0,44.89333126091956,-83.79785055260427,118.60274615883827,88.18296259641647,25.78335192799568,246.1975019276142,366.50880992412567,MI,711,0,295,27.346856689453148,28.536767578125023,24.571618652343773,23.331750488281273,14.573327636718773,13.681878662109398,9.810510253906273,6.906762695312523,0195_230,1.0459985733032227,0.8013308048248291,
0000f66240258b1119a4,1103,0.5460983729387461,26007,195.0,44.898936340049985,-83.809614782825,118.60274615883827,88.18296259641647,25.78335192799568,246.1975019276142,366.50880992412567,MI,711,0,295,27.346856689453148,28.536767578125023,24.571618652343773,23.331750488281273,14.573327636718773,13.681878662109398,9.810510253906273,6.906762695312523,0195_008,1.0459985733032227,0.8013308048248291,
0000ee38e53f3601d897,1088,0.6755132671351,26001,195.0,44.843887838467225,-83.85156500829126,132.57917439937592,132.2635639309883,22.139396756887436,242.80815267562866,429.57842949032784,MI,675,0,302,27.193261718750023,28.393518066406273,24.462792968750023,23.249963378906273,14.310449218750023,13.486352539062523,9.734979248046898,6.858209228515648,0195_031,1.0484730005264282,0.7960982322692871,
000035de43d9ec1ed85d,1090,0.6438316615671834,26001,195.0,44.84114928455219,-83.87122190905089,131.01442715525627,116.83589044213295,25.531131476163864,239.65300074219704,426.64616772532463,MI,690,0,305,27.289819335937523,28.497674560546898,24.597253417968773,23.377252197265648,14.212854003906273,13.378564453125023,9.650201416015648,6.836633300781273,0195_122,1.0498807430267334,0.801020085811615,
0000bb79d5c9105e8399,1096,0.5060714500965393,26119,195.0,44.90249684439552,-83.89846447620317,116.60197842121124,74.23878386616707,25.944049507379532,241.67212262749672,366.5299544930458,MI,728,0,301,27.482690429687523,28.666558837890648,24.714837646484398,23.616967773437523,14.126275634765648,13.367242431640648,9.491632080078148,6.752191162109398,0195_229,1.0768871307373047,0.8213968873023987,
0000495ebeab2fa2e93b,1101,0.5040594782496216,26007,195.0,44.95081898186226,-83.83215112289986,116.0509515106678,75.02668496966362,23.932345926761627,238.6642163693905,363.76796355843544,MI,733,0,296,27.423089599609398,28.666314697265648,24.568292236328148,23.446679687500023,14.369195556640648,13.639550781250023,9.646112060546898,6.832696533203148,0195_246,1.066139817237854,0.7988627552986145,
00000e99bf1372fe4fad,1100,0.4327330708638866,26119,195.0,44.97882345476869,-83.891056433265,107.1780794262886,63.37301203608513,18.499848306179047,234.4594528079033,340.9918839633465,MI,757,0,296,27.465447998046898,28.755364990234398,24.692254638671898,23.613885498046898,14.198571777343773,13.531427001953148,9.492486572265648,6.762414550781273,0195_214,1.0811002254486084,0.8156930804252625,
00009ec8f6a83a37f8f2,1098,0.44625038778745474,26007,195.0,45.0489905666605,-83.86553109368585,113.24579495191574,65.57659512758255,19.069876939058304,234.71696305274963,349.6140485405922,MI,752,0,292,27.451928710937523,28.684228515625023,24.517510986328148,23.238336181640648,14.342797851562523,13.729394531250023,9.612268066406273,6.791009521484398,0195_158,1.066216230392456,0.7970046401023865,
0000cd37751f840e6ed6,1098,0.44625038778745474,26007,195.0,45.052875345359645,-83.85841885881428,113.24579495191574,65.57659512758255,19.069876939058304,234.71696305274963,349.6140485405922,MI,752,0,292,27.451928710937523,28.684228515625023,24.517510986328148,23.238336181640648,14.342797851562523,13.729394531250023,9.612268066406273,6.791009521484398,0195_117,1.066216230392456,0.7970046401023865,
00008786ac1d4d6cb3c8,1098,0.44625038778745474,26007,195.0,45.0389313938789,-83.85454576003322,113.24579495191574,65.57659512758255,19.069876939058304,234.71696305274963,349.6140485405922,MI,752,0,292,27.451928710937523,28.684228515625023,24.517510986328148,23.238336181640648,14.342797851562523,13.729394531250023,9.612268066406273,6.791009521484398,0195_173,1.066216230392456,0.7970046401023865,
0000003d65018305a6c2,1098,0.44625038778745474,26007,195.0,45.039503984445325,-83.86084743328266,113.24579495191574,65.57659512758255,19.069876939058304,234.71696305274963,349.6140485405922,MI,752,0,292,27.451928710937523,28.684228515625023,24.517510986328148,23.238336181640648,14.342797851562523,13.729394531250023,9.612268066406273,6.791009521484398,0195_074,1.066216230392456,0.7970046401023865,
0000f21b1e625142bbe1,1098,0.44625038778745474,26007,195.0,45.029444654567335,-83.84986435071178,113.24579495191574,65.57659512758255,19.069876939058304,234.71696305274963,349.6140485405922,MI,752,0,292,27.451928710937523,28.684228515625023,24.517510986328148,23.238336181640648,14.342797851562523,13.729394531250023,9.612268066406273,6.791009521484398,0195_190,1.066216230392456,0.7970046401023865,
00009de79c90908008ae,1105,0.4875227619063527,26007,195.0,45.05446576826866,-83.82609360677891,119.91700994968414,75.43805837631226,20.197929948568344,237.1511380970478,363.2946068048477,MI,734,0,290,27.427117919921898,28.601953125000023,24.395654296875023,22.980798339843773,14.703454589843773,13.982293701171898,9.825341796875023,6.937982177734398,0195_108,1.0514506101608276,0.7857677936553955,
0000d9229f75bd25c108,1105,0.4875227619063527,26007,195.0,45.026001682014694,-83.81206214359062,119.91700994968414,75.43805837631226,20.197929948568344,237.1511380970478,363.2946068048477,MI,734,0,290,27.427117919921898,28.601953125000023,24.395654296875023,22.980798339843773,14.703454589843773,13.982293701171898,9.825341796875023,6.937982177734398,0195_025,1.0514506101608276,0.7857677936553955,
0000923f8ae950790a27,1105,0.4875227619063527,26007,195.0,45.003719103224775,-83.81612297485569,119.91700994968414,75.43805837631226,20.197929948568344,237.1511380970478,363.2946068048477,MI,734,0,290,27.427117919921898,28.601953125000023,24.395654296875023,22.980798339843773,14.703454589843773,13.982293701171898,9.825341796875023,6.937982177734398,0195_077,1.0514506101608276,0.7857677936553955,
000003b497e32f5fcb57,1107,0.5297320925754196,26007,195.0,44.982442596245384,-83.78159353524218,121.36148262023926,84.82078039646149,24.645603120326996,236.85113456845284,374.1474781036377,MI,710,0,290,27.505944824218773,28.591699218750023,24.272424316406273,22.762719726562523,14.829217529296898,14.103692626953148,9.934472656250023,7.032037353515648,0195_242,1.0555915832519531,0.7884383797645569,
0000e23ec59563e2952d,1107,0.5297320925754196,26007,195.0,44.98574575431858,-83.76818753957885,121.36148262023926,84.82078039646149,24.645603120326996,236.85113456845284,374.1474781036377,MI,710,0,290,27.505944824218773,28.591699218750023,24.272424316406273,22.762719726562523,14.829217529296898,14.103692626953148,9.934472656250023,7.032037353515648,0195_171,1.0555915832519531,0.7884383797645569,
0000002075a947359eb9,1101,0.5117377061099649,26007,195.0,45.012482101467214,-83.76329645949109,124.75536561012268,77.64686846733093,22.698745995759964,234.02399525046349,371.51255184412,MI,721,0,288,27.286279296875023,28.449792480468773,24.194085693359398,22.730554199218773,14.790429687500023,14.151422119140648,9.905633544921898,7.059716796875023,0195_144,1.03508460521698,0.777266263961792,
00007d2d096d73b38fd5,1101,0.5117377061099649,26007,195.0,45.0287327265762,-83.79234877209386,124.75536561012268,77.64686846733093,22.698745995759964,234.02399525046349,371.51255184412,MI,721,0,288,27.286279296875023,28.449792480468773,24.194085693359398,22.730554199218773,14.790429687500023,14.151422119140648,9.905633544921898,7.059716796875023,0195_067,1.03508460521698,0.777266263961792,
000077895dc3339c378f,1101,0.5117377061099649,26007,195.0,45.05101590122702,-83.78827854613039,124.75536561012268,77.64686846733093,22.698745995759964,234.02399525046349,371.51255184412,MI,721,0,288,27.286279296875023,28.449792480468773,24.194085693359398,22.730554199218773,14.790429687500023,14.151422119140648,9.905633544921898,7.059716796875023,0195_099,1.03508460521698,0.777266263961792,
0000866afa9690a0fdb9,1100,0.4540422899147053,26007,195.0,45.06381016895066,-83.77953174920353,112.46292087435722,68.24730187654495,22.419390380382538,231.62209728360176,348.4369942843914,MI,746,0,286,27.379479980468773,28.513726806640648,24.178155517578148,22.719506835937523,14.767877197265648,14.091424560546898,9.831842041015648,7.017175292968773,0195_028,1.0347473621368408,0.7709972858428955,
0000387280d22c1c3011,1100,0.4540422899147053,26007,195.0,45.07157055148478,-83.76529338125717,112.46292087435722,68.24730187654495,22.419390380382538,231.62209728360176,348.4369942843914,MI,746,0,286,27.379479980468773,28.513726806640648,24.178155517578148,22.719506835937523,14.767877197265648,14.091424560546898,9.831842041015648,7.017175292968773,0195_241,1.0347473621368408,0.7709972858428955,
000084dd8e7eb26d384c,1100,0.4540422899147053,26007,195.0,45.062079972664044,-83.76062230171404,112.46292087435722,68.24730187654495,22.419390380382538,231.62209728360176,348.4369942843914,MI,746,0,286,27.379479980468773,28.513726806640648,24.178155517578148,22.719506835937523,14.767877197265648,14.091424560546898,9.831842041015648,7.017175292968773,0195_194,1.0347473621368408,0.7709972858428955,
00002faa3ba9a1d7dce6,1090,0.5166819193345843,26007,195.0,45.05919041641146,-83.72910872217135,125.621766269207,74.92772316932678,23.96998158097267,228.60564470291138,366.6414385139942,MI,713,0,287,27.113031005859398,28.344110107421898,24.005548095703148,22.468774414062523,14.841485595703148,14.115380859375023,9.836511230468773,6.975091552734398,0195_011,0.9998633861541748,0.7559217214584351,
00003facc2de94597620,1086,0.48478576810205354,26007,195.0,45.063646904617976,-83.72829032951945,118.84996917843819,70.95016220211983,24.666582465171814,225.49767327308655,356.5389466881752,MI,731,0,286,27.153466796875023,28.361291503906273,23.965447998046898,22.515557861328148,14.725000000000023,14.050683593750023,9.781365966796898,6.948175048828148,0195_226,1.006048321723938,0.7526859045028687,
00008f0964efbad1e1d3,1088,0.4590440977570207,26007,195.0,45.10821411351165,-83.72010042847269,104.616974234581,72.46615573763847,25.9262036383152,223.5981342792511,345.888503074646,MI,731,0,282,27.138848876953148,28.310021972656273,23.926141357421898,22.445092773437523,14.834375000000023,14.134149169921898,9.855737304687523,7.016229248046898,0195_157,0.9998598694801331,0.7506697773933411,
00005c9bd87cb99a5165,1088,0.4590440977570207,26007,195.0,45.10879310429285,-83.72640745094324,104.616974234581,72.46615573763847,25.9262036383152,223.5981342792511,345.888503074646,MI,742,0,285,27.138848876953148,28.310021972656273,23.926141357421898,22.445092773437523,14.834375000000023,14.134149169921898,9.855737304687523,7.016229248046898,0195_134,0.9998598694801331,0.7506697773933411,
000033f9836cfcf1edc7,1088,0.4590440977570207,26007,195.0,45.10995020086351,-83.73902182200838,104.616974234581,72.46615573763847,25.9262036383152,223.5981342792511,345.888503074646,MI,742,0,285,27.138848876953148,28.310021972656273,23.926141357421898,22.445092773437523,14.834375000000023,14.134149169921898,9.855737304687523,7.016229248046898,0195_101,0.9998598694801331,0.7506697773933411,
00007e2493cd411569a0,1088,0.4590440977570207,26007,195.0,45.12777880949791,-83.73574775666013,104.616974234581,72.46615573763847,25.9262036383152,223.5981342792511,345.888503074646,MI,742,0,285,27.138848876953148,28.310021972656273,23.926141357421898,22.445092773437523,14.834375000000023,14.134149169921898,9.855737304687523,7.016229248046898,0195_120,0.9998598694801331,0.7506697773933411,
000014cb325c9cce6870,1088,0.4590440977570207,26007,195.0,45.12505542637182,-83.75549251220747,104.616974234581,72.46615573763847,25.9262036383152,223.5981342792511,345.888503074646,MI,742,0,285,27.138848876953148,28.310021972656273,23.926141357421898,22.445092773437523,14.834375000000023,14.134149169921898,9.855737304687523,7.016229248046898,0195_079,0.9998598694801331,0.7506697773933411,
0000c8db39cf40ef840b,1096,0.439167548915224,26007,195.0,45.098312223548504,-83.76039489788599,94.87056314945221,74.29098671674728,26.854327887296677,229.20759370923042,341.5202761888504,MI,737,0,286,27.395440673828148,28.485894775390648,24.168725585937523,22.678582763671898,14.722711181640648,14.048852539062523,9.816400146484398,6.938317871093773,0195_093,1.0228443145751953,0.7679103016853333,
0000c156e041d614611e,1100,0.4504408326181482,26007,195.0,45.120175514262755,-83.80128594973087,93.69208145141602,80.25005996227264,28.355809032917023,231.87787464261055,347.028673440218,MI,754,0,287,27.458795166015648,28.651177978515648,24.359918212890648,22.879907226562523,14.614038085937523,13.952752685546898,9.735894775390648,6.861840820312523,0195_016,1.0493955612182617,0.7805932760238647,
0000e90ab5c2525dd188,1103,0.441603211673019,26007,195.0,45.08063405560104,-83.8149153266452,106.84851282835007,70.4184739291668,21.7379270195961,235.68030217289925,346.1278660595417,MI,756,0,288,27.538720703125023,28.716699218750023,24.405053710937523,22.953240966796898,14.578118896484398,13.901239013671898,9.745843505859398,6.897882080078148,0195_180,1.0583845376968384,0.7863795757293701,
0000334f5144dfde7dfe,1100,0.42685744361990113,26007,195.0,45.082356688651245,-83.8338313911062,103.65307623147964,66.50327306985855,23.23819211125374,234.5339193046093,342.7990230023861,MI,765,0,290,27.605584716796898,28.801324462890648,24.580468750000023,23.278588867187523,14.298852539062523,13.653466796875023,9.549066162109398,6.754693603515648,0195_073,1.0778037309646606,0.8048888444900513,
000054b5782f987f9a8a,1096,0.41232313589531067,26007,195.0,45.07184933080711,-83.86778868083806,102.71537226438522,60.225557059049606,24.308969736099243,232.58325454592705,336.8527110517025,MI,771,0,292,27.582757568359398,28.782220458984398,24.622186279296898,23.435540771484398,14.134057617187523,13.546319580078148,9.425195312500023,6.639337158203148,0195_082,1.0846610069274902,0.8128749132156372,
0000790c8bd15983f9de,1096,0.41232313589531067,26007,195.0,45.08190820660988,-83.87878138061436,102.71537226438522,60.225557059049606,24.308969736099243,232.58325454592705,336.8527110517025,MI,771,0,292,27.582757568359398,28.782220458984398,24.622186279296898,23.435540771484398,14.134057617187523,13.546319580078148,9.425195312500023,6.639337158203148,0195_138,1.0846610069274902,0.8128749132156372,
00008777b23ce97e764f,1096,0.41232313589531067,26007,195.0,45.081336399492265,-83.87247557670545,102.71537226438522,60.225557059049606,24.308969736099243,232.58325454592705,336.8527110517025,MI,771,0,292,27.582757568359398,28.782220458984398,24.622186279296898,23.435540771484398,14.134057617187523,13.546319580078148,9.425195312500023,6.639337158203148,0195_097,1.0846610069274902,0.8128749132156372,
0000afa8013a01eda147,1099,0.44836516239887036,26007,195.0,45.09802216703671,-83.85662375408226,95.25694793462753,76.56690609455109,30.604508817195892,233.00088539719582,347.7759236693382,MI,783,0,288,27.529138183593773,28.684136962890648,24.441186523437523,23.120507812500023,14.436944580078148,13.815209960937523,9.679925537109398,6.798455810546898,0195_041,1.0673977136611938,0.7919550538063049,
00003a6b44f4ac869dd3,1093,0.41869749452472743,26007,195.0,45.11814234418771,-83.87861767221256,94.39552915096283,65.33800262212753,29.500214517116547,233.04896128177643,334.30082008242607,MI,792,0,290,27.498651123046898,28.666223144531273,24.474511718750023,23.234735107421898,14.250238037109398,13.653253173828148,9.537927246093773,6.726403808593773,0195_174,1.0702201128005981,0.7947808504104614,
0000704e4fbde04dbff6,1088,0.38212849703057056,26119,195.0,45.12099723834186,-83.91016530928296,84.35646316409111,63.16371738910675,25.091454535722733,233.91955000162125,319.154894143343,MI,793,0,290,27.474420166015648,28.680688476562523,24.464044189453148,23.189202880859398,14.134698486328148,13.552972412109398,9.461694335937523,6.653894042968773,0195_248,1.0636805295944214,0.7973644137382507,
000021bdb6a7f3f4ea63,1084,0.38832267620265576,26119,195.0,45.065320319065904,-83.9458668204068,90.3692696094513,61.8641077876091,20.58905878663063,239.4893181324005,326.49544683098793,MI,776,0,293,27.431756591796898,28.692895507812523,24.473565673828148,23.321252441406273,13.977868652343773,13.417535400390648,9.327996826171898,6.599847412109398,0195_119,1.0796165466308594,0.8025693297386169,
000011e6071682c30bff,1084,0.38832267620265576,26119,195.0,45.092636730664836,-83.94734808520835,90.3692696094513,61.8641077876091,20.58905878663063,239.4893181324005,326.49544683098793,MI,776,0,293,27.431756591796898,28.692895507812523,24.473565673828148,23.321252441406273,13.977868652343773,13.417535400390648,9.327996826171898,6.599847412109398,0195_083,1.0796165466308594,0.8025693297386169,
0000955e1d52b57b56fe,1085,0.39111388508016,26119,195.0,45.10212149218741,-83.95204766900977,79.58222794532776,68.98629781603813,25.723766028881073,236.95482525229454,321.33115285634995,MI,793,0,290,27.490045166015648,28.726831054687523,24.576531982421898,23.236871337890648,13.999566650390648,13.401910400390648,9.388452148437523,6.514428710937523,0195_035,1.0665160417556763,0.8110146522521973,
000081857c2b2347344f,1088,0.38212849703057056,26119,195.0,45.108762401402956,-83.92520337570183,84.35646316409111,63.16371738910675,25.091454535722733,233.91955000162125,319.154894143343,MI,793,0,290,27.474420166015648,28.680688476562523,24.464044189453148,23.189202880859398,14.134698486328148,13.552972412109398,9.461694335937523,6.653894042968773,0195_234,1.0636805295944214,0.7973644137382507,
0000524171e6dd03f3e5,1088,0.38212849703057056,26119,195.0,45.112650891168535,-83.9180882636025,84.35646316409111,63.16371738910675,25.091454535722733,233.91955000162125,319.154894143343,MI,793,0,290,27.474420166015648,28.680688476562523,24.464044189453148,23.189202880859398,14.134698486328148,13.552972412109398,9.461694335937523,6.653894042968773,0195_192,1.0636805295944214,0.7973644137382507,
000027766a5f964ee751,1092,0.4294537465129495,26119,195.0,45.13665121710234,-83.93298859713805,76.76197081804276,84.93717604875565,32.1849459707737,232.36958384513855,331.3926260173321,MI,802,0,289,27.494805908203148,28.653955078125023,24.491601562500023,23.012811279296898,14.317987060546898,13.663476562500023,9.602960205078148,6.667108154296898,0195_185,1.0443381071090698,0.7996983528137207,
00007e8b7ce083f3fc16,1085,0.39111388508016,26119,195.0,45.12838541897563,-83.99220168831134,79.58222794532776,68.98629781603813,25.723766028881073,236.95482525229454,321.33115285634995,MI,806,0,292,27.490045166015648,28.726831054687523,24.576531982421898,23.236871337890648,13.999566650390648,13.401910400390648,9.388452148437523,6.514428710937523,0195_178,1.0665160417556763,0.8110146522521973,
000022350a7db96db739,1088,0.4388048076157497,26119,195.0,45.132342997591316,-84.03638258447178,79.32339417934418,78.7261146903038,33.8541139960289,236.20003634691238,332.15046831965446,MI,800,0,290,27.420404052734398,28.661737060546898,24.442346191406273,23.304711914062523,14.107995605468773,13.590264892578148,9.417260742187523,6.579766845703148,0195_038,1.0603843927383423,0.7943289875984192,
0000c4971c2cca5d06c3,1080,0.40132176983931894,26119,195.0,45.10446046970062,-84.02855493328603,78.35467022657394,71.32986018061638,26.046698540449142,235.66766792535782,325.1534804403782,MI,804,0,292,27.424279785156273,28.655816650390648,24.480920410156273,23.269403076171898,13.936730957031273,13.348687744140648,9.325799560546898,6.538995361328148,0195_126,1.065166711807251,0.803901195526123,
0000cdc4c0a2fb70fac0,1080,0.40132176983931894,26119,195.0,45.1000017417962,-84.02935389406524,78.35467022657394,71.32986018061638,26.046698540449142,235.66766792535782,325.1534804403782,MI,804,0,292,27.424279785156273,28.655816650390648,24.480920410156273,23.269403076171898,13.936730957031273,13.348687744140648,9.325799560546898,6.538995361328148,0195_167,1.065166711807251,0.803901195526123,
0000cd7fd39a87c1df67,1084,0.38832267620265576,26119,195.0,45.082100449237856,-83.98129278451714,90.3692696094513,61.8641077876091,20.58905878663063,239.4893181324005,326.49544683098793,MI,783,0,295,27.431756591796898,28.692895507812523,24.473565673828148,23.321252441406273,13.977868652343773,13.417535400390648,9.327996826171898,6.599847412109398,0195_164,1.0796165466308594,0.8025693297386169,
0000cc649e1beba7f806,1089,0.4073004193850863,26119,195.0,45.05924305082114,-83.97899624398559,96.47144508361816,62.78170469403267,20.007628083229065,240.1107679605484,335.9102517962456,MI,756,0,300,27.457635498046898,28.633294677734398,24.529718017578148,23.513513183593773,14.020867919921898,13.433801269531273,9.352258300781273,6.701470947265648,0195_094,1.0846542119979858,0.8108416795730591,
0000bff8f1864e257135,1080,0.434259913503487,26119,195.0,45.05208624571336,-84.050744278543,96.53607177734375,71.72158715128899,16.731033831834793,241.1070873439312,346.0619888305664,MI,783,0,293,27.139489746093773,28.385919189453148,24.144952392578148,23.059289550781273,14.103021240234398,13.678033447265648,9.531335449218773,6.929833984375023,0195_056,1.0564075708389282,0.7752517461776733,
0000d73a846d8e344458,1080,0.434259913503487,26119,195.0,45.03481651687026,-84.06023402824054,96.53607177734375,71.72158715128899,16.731033831834793,241.1070873439312,346.0619888305664,MI,783,0,293,27.139489746093773,28.385919189453148,24.144952392578148,23.059289550781273,14.103021240234398,13.678033447265648,9.531335449218773,6.929833984375023,0195_030,1.0564075708389282,0.7752517461776733,
000093585206ed1e5fdc,1082,0.4165166411313053,26119,195.0,45.005250272923604,-84.03350743609549,96.28378051519394,66.48325708508492,17.53010466694832,241.28316095471382,340.6378552913666,MI,767,0,298,27.271905517578148,28.509606933593773,24.299859619140648,23.202020263671898,14.051568603515648,13.541192626953148,9.451409912109398,6.796624755859398,0195_146,1.0716731548309326,0.7903543710708618,
0000150c749b9197ad8e,1089,0.4073004193850863,26119,195.0,44.99513527255434,-83.97131453074222,96.47144508361816,62.78170469403267,20.007628083229065,240.1107679605484,335.9102517962456,MI,757,0,297,27.457635498046898,28.633294677734398,24.529718017578148,23.513513183593773,14.020867919921898,13.433801269531273,9.352258300781273,6.701470947265648,0195_168,1.0846542119979858,0.8108416795730591,
00003255762b75c207fb,1089,0.4073004193850863,26119,195.0,45.03970990610529,-83.96329412540715,96.47144508361816,62.78170469403267,20.007628083229065,240.1107679605484,335.9102517962456,MI,757,0,297,27.457635498046898,28.633294677734398,24.529718017578148,23.513513183593773,14.020867919921898,13.433801269531273,9.352258300781273,6.701470947265648,0195_044,1.0846542119979858,0.8108416795730591,
0000694def3586a6ab39,1089,0.4073004193850863,26119,195.0,45.04473513554243,-83.96879457927217,96.47144508361816,62.78170469403267,20.007628083229065,240.1107679605484,335.9102517962456,MI,757,0,297,27.457635498046898,28.633294677734398,24.529718017578148,23.513513183593773,14.020867919921898,13.433801269531273,9.352258300781273,6.701470947265648,0195_113,1.0846542119979858,0.8108416795730591,
0000cf33a92d82810aa9,1086,0.41264781145179846,26119,195.0,45.036868028517794,-83.93178238178285,103.14738863706589,58.309886902570724,21.458446443080902,236.88251757621765,336.8073136806488,MI,757,0,297,27.421594238281273,28.561944580078148,24.465417480468773,23.310144042968773,14.030297851562523,13.476159667968773,9.455957031250023,6.691125488281273,0195_112,1.0664589405059814,0.8010594844818115,
0000ea72ea2baa7b572b,1086,0.41264781145179846,26119,195.0,45.012303343981614,-83.910604933856,103.14738863706589,58.309886902570724,21.458446443080902,236.88251757621765,336.8073136806488,MI,757,0,297,27.421594238281273,28.561944580078148,24.465417480468773,23.310144042968773,14.030297851562523,13.476159667968773,9.455957031250023,6.691125488281273,0195_210,1.0664589405059814,0.8010594844818115,
00008b79cf7eb56b7c5d,1084,0.41399054464208834,26119,195.0,44.975508086100845,-83.90445500373936,102.14589333534241,57.43762519955635,19.714797019958496,237.0263967216015,334.03154757618904,MI,735,0,299,27.218438720703148,28.485833740234398,24.398309326171898,23.297570800781273,14.052819824218773,13.533410644531273,9.518823242187523,6.755761718750023,0195_227,1.062508463859558,0.7921121120452881,
0000cb52f069c1e8a6c6,1084,0.41399054464208834,26119,195.0,44.967734732584255,-83.91865697757862,102.14589333534241,57.43762519955635,19.714797019958496,237.0263967216015,334.03154757618904,MI,735,0,299,27.218438720703148,28.485833740234398,24.398309326171898,23.297570800781273,14.052819824218773,13.533410644531273,9.518823242187523,6.755761718750023,0195_058,1.062508463859558,0.7921121120452881,
0000030a045c8740a413,1087,0.40855717976027056,26119,195.0,44.9800611580786,-83.95482723638092,98.77453738451004,58.29799464344978,19.779076278209686,240.14194285869598,334.2034736573696,MI,735,0,299,27.300683593750023,28.571435546875023,24.488275146484398,23.473413085937523,14.022790527343773,13.473016357421898,9.424188232421898,6.774926757812523,0195_005,1.0787757635116577,0.802873969078064,
0000ec9c61b7dfe29230,1087,0.40855717976027056,26119,195.0,44.969525796998155,-83.98871396993708,98.77453738451004,58.29799464344978,19.779076278209686,240.14194285869598,334.2034736573696,MI,741,0,302,27.300683593750023,28.571435546875023,24.488275146484398,23.473413085937523,14.022790527343773,13.473016357421898,9.424188232421898,6.774926757812523,0195_002,1.0787757635116577,0.802873969078064,
000044faaa901ebd9078,1087,0.4299789519979669,26119,195.0,44.91596389391363,-83.94717756686609,102.48840487003326,57.69018775224686,22.654167592525482,239.75991237163544,340.7852224111557,MI,732,0,302,27.175927734375023,28.378503417968773,24.335351562500023,23.325006103515648,14.142358398437523,13.574304199218773,9.632653808593773,6.963922119140648,0195_188,1.0613983869552612,0.7919195890426636,
0000eb3625730c4f12e0,1091,0.4292970663159553,26119,195.0,44.931513403003464,-83.91879877349356,101.26303762197495,60.199848622083664,22.46717393398285,237.53336611390114,339.77056953310966,MI,732,0,302,27.391809082031273,28.600976562500023,24.620812988281273,23.614404296875023,14.026818847656273,13.387109375000023,9.459558105468773,6.792962646484398,0195_139,1.0805962085723877,0.817405104637146,
0000d07a3272fcd511a8,1091,0.4292970663159553,26119,195.0,44.92819563202754,-83.93218655973396,101.26303762197495,60.199848622083664,22.46717393398285,237.53336611390114,339.77056953310966,MI,732,0,302,27.391809082031273,28.600976562500023,24.620812988281273,23.614404296875023,14.026818847656273,13.387109375000023,9.459558105468773,6.792962646484398,0195_244,1.0805962085723877,0.817405104637146,
00007f9feb368c47cdcc,1092,0.4703551395663406,26119,195.0,44.884770888221624,-83.95279011580246,108.13217943906784,68.70522019267082,23.769414246082306,239.86156198382378,362.98589155077934,MI,735,0,303,27.307427978515648,28.498559570312523,24.504754638671898,23.506158447265648,14.118859863281273,13.494927978515648,9.605279541015648,6.922113037109398,0195_150,1.069014072418213,0.805749773979187,
00001cbf1acd956a69e5,1095,0.6070411404841284,26135,195.0,44.84239604286491,-83.93486207342448,128.8534277677536,101.84829235076904,28.570119827985764,242.3583805859089,425.11422142386436,MI,693,0,309,27.354608154296898,28.544427490234398,24.670495605468773,23.464959716796898,14.213037109375023,13.386468505859398,9.653039550781273,6.885125732421898,0195_063,1.0706144571304321,0.8204249143600464,
00006ec9b86985a12d5d,1092,0.5256128026982243,26119,195.0,44.858603139490356,-83.96388236261468,118.21754720807076,81.83269533514977,23.89311045408249,242.88396057486534,395.6957806944847,MI,709,0,306,27.284020996093773,28.420434570312523,24.480920410156273,23.337213134765648,14.231744384765648,13.519647216796898,9.709832763671898,6.962731933593773,0195_103,1.0621771812438965,0.8058536648750305,
0000600d17fc77fc8687,1092,0.5256128026982243,26119,195.0,44.866947213650086,-83.95599495295531,118.21754720807076,81.83269533514977,23.89311045408249,242.88396057486534,395.6957806944847,MI,709,0,306,27.284020996093773,28.420434570312523,24.480920410156273,23.337213134765648,14.231744384765648,13.519647216796898,9.709832763671898,6.962731933593773,0195_051,1.0621771812438965,0.8058536648750305,
0000aa69e86c0849252f,1092,0.5256128026982243,26135,195.0,44.85584802286934,-83.9835389750727,118.21754720807076,81.83269533514977,23.89311045408249,242.88396057486534,395.6957806944847,MI,711,0,308,27.284020996093773,28.420434570312523,24.480920410156273,23.337213134765648,14.231744384765648,13.519647216796898,9.709832763671898,6.962731933593773,0195_026,1.0621771812438965,0.8058536648750305,
00007658e3d972dbb715,1092,0.5256128026982243,26135,195.0,44.84417816859727,-84.00478918980306,118.21754720807076,81.83269533514977,23.89311045408249,242.88396057486534,395.6957806944847,MI,711,0,308,27.284020996093773,28.420434570312523,24.480920410156273,23.337213134765648,14.231744384765648,13.519647216796898,9.709832763671898,6.962731933593773,0195_075,1.0621771812438965,0.8058536648750305,
0000d22a4f8e6c528060,1095,0.39059145326488054,26119,195.0,44.90108939584128,-84.08406915279554,93.58491256833076,55.28328916430473,18.355391204357147,245.11003443598747,335.2468668818474,MI,761,0,293,27.255273437500023,28.432397460937523,24.409814453125023,23.389459228515648,14.224450683593773,13.668725585937523,9.659204101562523,7.116113281250023,0195_208,1.0802483558654785,0.8061348795890808,
0000c8a3c4a6997ac456,1096,0.4175615442960077,26119,195.0,44.917793003414175,-84.06831222963898,99.74495613574982,60.72363230586052,18.979061156511307,242.01493945717812,343.6384087204933,MI,767,0,297,27.255456542968773,28.593835449218773,24.573052978515648,23.570458984375023,14.125360107421898,13.592614746093773,9.549249267578148,6.987939453125023,0195_050,1.098903775215149,0.8235433101654053,
000042c9b8d17304645a,1096,0.4175615442960077,26119,195.0,44.91835540775078,-84.07460436581815,99.74495613574982,60.72363230586052,18.979061156511307,242.01493945717812,343.6384087204933,MI,767,0,297,27.255456542968773,28.593835449218773,24.573052978515648,23.570458984375023,14.125360107421898,13.592614746093773,9.549249267578148,6.987939453125023,0195_198,1.098903775215149,0.8235433101654053,
000089bde5a5b3cab903,1095,0.39059145326488054,26119,195.0,44.91000337435983,-84.08248308998343,93.58491256833076,55.28328916430473,18.355391204357147,245.11003443598747,335.2468668818474,MI,761,0,293,27.255273437500023,28.432397460937523,24.409814453125023,23.389459228515648,14.224450683593773,13.668725585937523,9.659204101562523,7.116113281250023,0195_187,1.0802483558654785,0.8061348795890808,
00006f6a34177676beb1,1093,0.4183346844527432,26119,195.0,44.93393194507402,-84.0462540246263,101.0829576253891,56.974564492702484,21.07744014263153,240.48790127038956,338.9673763513565,MI,745,0,302,27.307366943359398,28.567315673828148,24.532312011718773,23.649438476562523,14.059411621093773,13.499597167968773,9.495904541015648,6.909020996093773,0195_062,1.0879870653152466,0.8116061687469482,
0000f9c1d43237c0602b,1093,0.4183346844527432,26119,195.0,44.92721829193306,-84.0218786419923,101.0829576253891,56.974564492702484,21.07744014263153,240.48790127038956,338.9673763513565,MI,745,0,302,27.307366943359398,28.567315673828148,24.532312011718773,23.649438476562523,14.059411621093773,13.499597167968773,9.495904541015648,6.909020996093773,0195_088,1.0879870653152466,0.8116061687469482,
00003f6de80ece058d39,1087,0.40855717976027056,26119,195.0,44.965634889569486,-83.99580986519395,98.77453738451004,58.29799464344978,19.779076278209686,240.14194285869598,334.2034736573696,MI,741,0,302,27.300683593750023,28.571435546875023,24.488275146484398,23.473413085937523,14.022790527343773,13.473016357421898,9.424188232421898,6.774926757812523,0195_141,1.0787757635116577,0.802873969078064,
0000bc1715761d2e3fb9,1082,0.4165166411313053,26119,195.0,44.99131295619258,-84.02960078988586,96.28378051519394,66.48325708508492,17.53010466694832,241.28316095471382,340.6378552913666,MI,767,0,298,27.271905517578148,28.509606933593773,24.299859619140648,23.202020263671898,14.051568603515648,13.541192626953148,9.451409912109398,6.796624755859398,0195_017,1.0716731548309326,0.7903543710708618,
00008a12890ec0e6e7e6,1093,0.41002684255035576,26119,195.0,44.969025675355816,-84.03358747098899,97.37764549255371,61.82662406563759,18.427464097738266,242.2441174685955,337.90359008312225,MI,754,0,300,27.388513183593773,28.656976318359398,24.583093261718773,23.578546142578148,14.029046630859398,13.500817871093773,9.405847167968773,6.819818115234398,0195_132,1.0978858470916748,0.8175016045570374,
00000ec66671dc2d87d6,1090,0.433209340653584,26119,195.0,44.97184322914593,-84.06507171426068,98.45548406243324,69.91058284044266,17.126357167959213,243.9040624499321,348.721387475729,MI,774,0,296,27.206781005859398,28.489953613281273,24.288964843750023,23.297601318359398,14.162896728515648,13.707604980468773,9.611169433593773,7.005792236328148,0195_128,1.0802034139633179,0.7944899797439575,
00001e340bee4c61fd2f,1092,0.45627384576119734,26119,195.0,44.970756765346955,-84.1036487852102,99.88507181406021,79.27611085772514,15.719795107841492,248.98287823796272,358.4438696503639,MI,801,0,290,27.052301025390648,28.405297851562523,24.182733154296898,23.220117187500023,14.293542480468773,13.920892333984398,9.698632812500023,7.165032958984398,0195_019,1.0788391828536987,0.7842525839805603,
00008f8cead2f400eacc,1092,0.45627384576119734,26119,195.0,44.983569067555415,-84.09497244934471,99.88507181406021,79.27611085772514,15.719795107841492,248.98287823796272,358.4438696503639,MI,801,0,290,27.052301025390648,28.405297851562523,24.182733154296898,23.220117187500023,14.293542480468773,13.920892333984398,9.698632812500023,7.165032958984398,0195_076,1.0788391828536987,0.7842525839805603,
000000b36cb08e9b30d9,1097,0.46483651568438095,26119,195.0,44.959064776263524,-84.12491443834546,96.9515420794487,87.26876184344292,15.154541492462158,253.85052540898323,361.06228375434875,MI,830,0,285,27.026971435546898,28.447900390625023,24.117150878906273,23.266290283203148,14.375756835937523,14.019097900390648,9.755792236328148,7.285791015625023,0195_160,1.0989999771118164,0.7867489457130432,
000001f8559a04d3926a,1092,0.4403822301692866,26119,195.0,44.93343759164806,-84.14224608949604,93.67314571142197,76.63976860046387,16.761980891227722,255.21582740545273,352.8315830528736,MI,793,0,287,26.943902587890648,28.270257568359398,24.051995849609398,23.153466796875023,14.349755859375023,13.976800537109398,9.830041503906273,7.313806152343773,0195_096,1.066705584526062,0.771621584892273,
0000f4823ef5339ddda5,1092,0.4403822301692866,26119,195.0,44.92284404430623,-84.12494523479806,93.67314571142197,76.63976860046387,16.761980891227722,255.21582740545273,352.8315830528736,MI,793,0,287,26.943902587890648,28.270257568359398,24.051995849609398,23.153466796875023,14.349755859375023,13.976800537109398,9.830041503906273,7.313806152343773,0195_023,1.066705584526062,0.771621584892273,
00006596e1a69a9eaac6,1095,0.39059145326488054,26119,195.0,44.89385937247786,-84.10452477199769,93.58491256833076,55.28328916430473,18.355391204357147,245.11003443598747,335.2468668818474,MI,761,0,293,27.255273437500023,28.432397460937523,24.409814453125023,23.389459228515648,14.224450683593773,13.668725585937523,9.659204101562523,7.116113281250023,0195_153,1.0802483558654785,0.8061348795890808,
0000f6c5d7968518aedd,1090,0.397983288400493,26119,195.0,44.87659222587604,-84.11397844657803,92.59022405743599,56.29227361083031,19.592925757169724,242.5789698958397,328.98101779818535,MI,726,0,297,26.968774414062523,28.089624023437523,24.096307373046898,22.971643066406273,14.480126953125023,13.903375244140648,10.003350830078148,7.256921386718773,0195_022,1.0435206890106201,0.7799814343452454,
00009bb706134f1e13ea,1090,0.397983288400493,26135,195.0,44.84873093363033,-84.10614840810003,92.59022405743599,56.29227361083031,19.592925757169724,242.5789698958397,328.98101779818535,MI,726,0,297,26.968774414062523,28.089624023437523,24.096307373046898,22.971643066406273,14.480126953125023,13.903375244140648,10.003350830078148,7.256921386718773,0195_004,1.0435206890106201,0.7799814343452454,
0000ee82ece17f71e303,1091,0.43815013320374924,26119,195.0,44.86379481465845,-84.17372727207194,104.32270419597626,58.426739662885666,22.325163066387177,246.52468955516815,351.6467430591583,MI,755,0,285,26.952294921875023,27.895288085937523,24.026879882812523,22.833978271484398,14.534906005859398,14.046289062500023,10.126885986328148,7.483087158203148,0195_239,1.0157474279403687,0.7657630443572998,
0000bae1532de1b9118c,1090,0.42237299199624406,26119,195.0,44.89555316574965,-84.17450966879585,96.21219623088837,63.220572113990784,18.913791954517365,252.5123611688614,350.2666198313236,MI,784,0,283,26.948632812500023,28.048791503906273,24.044030761718773,22.987573242187523,14.431634521484398,13.972680664062523,9.973474121093773,7.434869384765648,0195_001,1.0261859893798828,0.7617475390434265,
000032ecb66ef567d821,1090,0.460673748993708,26119,195.0,44.99418485387793,-84.16347314966474,98.12784218788147,82.21095812320709,16.770918548107147,246.89126858115196,367.13413524627686,MI,856,0,278,26.945947265625023,28.309899902343773,24.034417724609398,23.092309570312523,14.378411865234398,14.023309326171898,9.697686767578148,7.288629150390648,0195_081,1.0867819786071777,0.7773803472518921,
0000cee8599a5e74485a,1090,0.47029870467304036,26119,195.0,45.05158848188293,-84.14690509784377,96.30335953831673,87.07428872585297,17.13926762342453,245.53897643089294,366.0921311080456,MI,833,0,284,26.983422851562523,28.320062255859398,23.985406494140648,23.028070068359398,14.379022216796898,14.025354003906273,9.768762207031273,7.262292480468773,0195_123,1.0710088014602661,0.7665740251541138,
0000d9fc62804afa66d4,1087,0.4480690458608959,26119,195.0,45.015897951722465,-84.10202052322863,96.03077214956284,78.83446332812309,16.960639119148254,244.24011597037315,353.29030933976173,MI,810,0,288,27.163781738281273,28.437371826171898,24.212060546875023,23.195184326171898,14.158197021484398,13.752862548828148,9.549066162109398,7.062768554687523,0195_039,1.0750772953033447,0.7863808870315552,
00006b2007e3570eba74,1080,0.434259913503487,26119,195.0,45.022567429736384,-84.07522549462945,96.53607177734375,71.72158715128899,16.731033831834793,241.1070873439312,346.0619888305664,MI,783,0,293,27.139489746093773,28.385919189453148,24.144952392578148,23.059289550781273,14.103021240234398,13.678033447265648,9.531335449218773,6.929833984375023,0195_148,1.0564075708389282,0.7752517461776733,
00000bf2264d84d0227e,1087,0.4480690458608959,26119,195.0,45.0432094041321,-84.10356415606608,96.03077214956284,78.83446332812309,16.960639119148254,244.24011597037315,353.29030933976173,MI,810,0,288,27.163781738281273,28.437371826171898,24.212060546875023,23.195184326171898,14.158197021484398,13.752862548828148,9.549066162109398,7.062768554687523,0195_137,1.0750772953033447,0.7863808870315552,
0000fa62edc5b5f8efa8,1087,0.4480690458608959,26119,195.0,45.0510036878771,-84.08936764731838,96.03077214956284,78.83446332812309,16.960639119148254,244.24011597037315,353.29030933976173,MI,810,0,288,27.163781738281273,28.437371826171898,24.212060546875023,23.195184326171898,14.158197021484398,13.752862548828148,9.549066162109398,7.062768554687523,0195_211,1.0750772953033447,0.7863808870315552,
00003f227c91c04c3835,1087,0.4480690458608959,26119,195.0,45.05658522594011,-84.10118375188206,96.03077214956284,78.83446332812309,16.960639119148254,244.24011597037315,353.29030933976173,MI,810,0,288,27.163781738281273,28.437371826171898,24.212060546875023,23.195184326171898,14.158197021484398,13.752862548828148,9.549066162109398,7.062768554687523,0195_102,1.0750772953033447,0.7863808870315552,
0000d19241bbbdc689a2,1081,0.4416823495333316,26119,195.0,45.08277641833889,-84.09011232494419,91.39241755008698,78.177087277174,19.680341064929962,240.70823207497597,351.3708067238331,MI,796,0,287,27.181451416015648,28.413812255859398,24.178826904296898,23.070428466796898,14.093255615234398,13.673272705078148,9.514245605468773,6.953363037109398,0195_116,1.0676838159561157,0.7842974066734314,
00003780453a19850e01,1075,0.4196976846798297,26119,195.0,45.071609735151235,-84.06647470716379,89.40899896621704,71.09266144037247,19.153398394584656,239.2200852036476,340.2113648056984,MI,795,0,291,27.220391845703148,28.468225097656273,24.214196777343773,23.031121826171898,13.987329101562523,13.510400390625023,9.377587890625023,6.759057617187523,0195_199,1.0620715618133545,0.7808603048324585,
0000cfba3a8224e34a96,1075,0.4196976846798297,26119,195.0,45.084422682926714,-84.05777825252517,89.40899896621704,71.09266144037247,19.153398394584656,239.2200852036476,340.2113648056984,MI,795,0,291,27.220391845703148,28.468225097656273,24.214196777343773,23.031121826171898,13.987329101562523,13.510400390625023,9.377587890625023,6.759057617187523,0195_201,1.0620715618133545,0.7808603048324585,
00003cf4d07f5a05cbf8,1078,0.4150560368082716,26119,195.0,45.10671676383714,-84.05379275036991,81.19317546486855,72.99198597669601,24.642209351062775,234.57252430915833,331.5437104701996,MI,808,0,288,27.329003906250023,28.549310302734398,24.331353759765648,23.259454345703148,13.925286865234398,13.430657958984398,9.312463378906273,6.609857177734398,0195_064,1.073650598526001,0.795288622379303,
0000a85730e7693181c3,1078,0.4150560368082716,26119,195.0,45.09892520494423,-84.0680051639538,81.19317546486855,72.99198597669601,24.642209351062775,234.57252430915833,331.5437104701996,MI,808,0,288,27.329003906250023,28.549310302734398,24.331353759765648,23.259454345703148,13.925286865234398,13.430657958984398,9.312463378906273,6.609857177734398,0195_029,1.073650598526001,0.795288622379303,
000044380f46f49f715e,1078,0.4150560368082716,26119,195.0,45.116761245032315,-84.06481900176632,81.19317546486855,72.99198597669601,24.642209351062775,234.57252430915833,331.5437104701996,MI,808,0,288,27.329003906250023,28.549310302734398,24.331353759765648,23.259454345703148,13.925286865234398,13.430657958984398,9.312463378906273,6.609857177734398,0195_231,1.073650598526001,0.795288622379303,
000014015e2b2c457585,1074,0.4319853764645916,26119,195.0,45.131295411853685,-84.12634584362937,93.01333186030388,66.80470064282417,25.289189845323563,238.89885494112968,345.04921185970306,MI,844,0,280,27.285546875000023,28.451806640625023,24.258569335937523,23.063867187500023,13.893304443359398,13.430108642578148,9.363061523437523,6.729943847656273,0195_169,1.0605007410049438,0.7832991480827332,
0000b8ab5b7c2f09097c,1074,0.4319853764645916,26119,195.0,45.128514694231015,-84.14607561436881,93.01333186030388,66.80470064282417,25.289189845323563,238.89885494112968,345.04921185970306,MI,844,0,280,27.285546875000023,28.451806640625023,24.258569335937523,23.063867187500023,13.893304443359398,13.430108642578148,9.363061523437523,6.729943847656273,0195_142,1.0605007410049438,0.7832991480827332,
0000d0cc4b63e2f2a6a1,1074,0.4319853764645916,26119,195.0,45.12795536441989,-84.1397631806348,93.01333186030388,66.80470064282417,25.289189845323563,238.89885494112968,345.04921185970306,MI,844,0,280,27.285546875000023,28.451806640625023,24.258569335937523,23.063867187500023,13.893304443359398,13.430108642578148,9.363061523437523,6.729943847656273,0195_072,1.0605007410049438,0.7832991480827332,
00009fdbe837a744aa8e,1074,0.4319853764645916,26119,195.0,45.11401708770938,-84.13582733819477,93.01333186030388,66.80470064282417,25.289189845323563,238.89885494112968,345.04921185970306,MI,844,0,280,27.285546875000023,28.451806640625023,24.258569335937523,23.063867187500023,13.893304443359398,13.430108642578148,9.363061523437523,6.729943847656273,0195_154,1.0605007410049438,0.7832991480827332,
0000883100cccfc96e25,1074,0.4319853764645916,26119,195.0,45.10119818976515,-84.14451273098072,93.01333186030388,66.80470064282417,25.289189845323563,238.89885494112968,345.04921185970306,MI,844,0,280,27.285546875000023,28.451806640625023,24.258569335937523,23.063867187500023,13.893304443359398,13.430108642578148,9.363061523437523,6.729943847656273,0195_071,1.0605007410049438,0.7832991480827332,
00003a032b657ef5ee82,1088,0.39283896144964264,26119,195.0,45.19369895890864,-84.0638945615119,84.20422318577766,52.522275775671005,32.35789114236832,237.20590096712112,309.5007430911064,MI,806,0,285,27.514794921875023,28.599267578125023,24.486810302734398,23.120568847656273,14.133843994140648,13.608422851562523,9.525476074218773,6.543084716796898,0195_206,1.0417988300323486,0.797886073589325,
00006a247583391bf985,1099,0.37905949728774097,26141,195.0,45.211538983367575,-84.06070280299477,89.27063447237015,45.07649424672127,29.096802353858948,238.37160924077034,298.5508489906788,MI,835,0,281,27.655419921875023,28.691705322265648,24.424066162109398,22.945825195312523,14.389154052734398,13.845178222656273,9.808160400390648,6.753106689453148,0195_250,1.046594500541687,0.7994628548622131,
0000fbf5f39663a92991,1099,0.362932792713272,26141,195.0,45.20989150320785,-84.09309809307739,84.96013420820236,43.33993646502495,28.47399127483368,242.45324662327766,299.36202970147133,MI,858,0,277,27.726312255859398,28.748620605468773,24.603143310546898,23.217675781250023,14.210443115234398,13.700891113281273,9.649652099609398,6.592980957031273,0195_090,1.0507481098175049,0.8072022199630737,
00008a2093198a06d062,1075,0.38499592249486175,26119,195.0,45.150788693106634,-84.09080841900399,82.1729203760624,53.94923111796379,29.604668974876404,234.02729538083076,314.00815373659134,MI,818,0,282,27.429986572265648,28.540307617187523,24.428643798828148,23.122338867187523,13.801354980468773,13.351342773437523,9.359124755859398,6.503625488281273,0195_200,1.0576443672180176,0.7991008162498474,
0000c2e48556a9d7dbe5,1092,0.4322402048187582,26119,195.0,45.17304117172845,-84.03550454865834,86.93835324048996,67.44290819764137,34.587180614471436,237.23694363236427,325.45826956629753,MI,792,0,288,27.504998779296898,28.530908203125023,24.382043457031273,22.952874755859398,14.307519531250023,13.792199707031273,9.725549316406273,6.702081298828148,0195_109,1.0371758937835693,0.794490396976471,
000098619f15cb7e9fdf,1092,0.4322402048187582,26141,195.0,45.19866913796007,-84.01807017939676,86.93835324048996,67.44290819764137,34.587180614471436,237.23694363236427,325.45826956629753,MI,792,0,288,27.504998779296898,28.530908203125023,24.382043457031273,22.952874755859398,14.307519531250023,13.792199707031273,9.725549316406273,6.702081298828148,0195_095,1.0371758937835693,0.794490396976471,
00001e3a47b847272688,1092,0.4322402048187582,26119,195.0,45.194209459152894,-84.01887095930027,86.93835324048996,67.44290819764137,34.587180614471436,237.23694363236427,325.45826956629753,MI,792,0,288,27.504998779296898,28.530908203125023,24.382043457031273,22.952874755859398,14.307519531250023,13.792199707031273,9.725549316406273,6.702081298828148,0195_014,1.0371758937835693,0.794490396976471,
0000cdd0094c4d5da2cb,1113,0.414830010894113,26141,195.0,45.20921766095944,-83.98407225506621,94.76459628343582,60.14335289597511,31.230734050273895,235.44250905513763,316.98562920093536,MI,822,0,285,27.782678222656273,28.919305419921898,24.491754150390648,22.955743408203148,14.681970214843773,14.091943359375023,9.887475585937523,6.787896728515648,0195_217,1.0614858865737915,0.8196640610694885,
00007bae7ede2aabb108,1113,0.414830010894113,26141,195.0,45.20532477287081,-83.99119378370843,94.76459628343582,60.14335289597511,31.230734050273895,235.44250905513763,316.98562920093536,MI,822,0,285,27.782678222656273,28.919305419921898,24.491754150390648,22.955743408203148,14.681970214843773,14.091943359375023,9.887475585937523,6.787896728515648,0195_162,1.0614858865737915,0.8196640610694885,
0000f690b3ca02cb16f2,1113,0.414830010894113,26141,195.0,45.20581097141934,-83.94616184566596,94.76459628343582,60.14335289597511,31.230734050273895,235.44250905513763,316.98562920093536,MI,815,0,284,27.782678222656273,28.919305419921898,24.491754150390648,22.955743408203148,14.681970214843773,14.091943359375023,9.887475585937523,6.787896728515648,0195_105,1.0614858865737915,0.8196640610694885,
00009dc4ff1a2d621e3f,1095,0.4677593060672109,26119,195.0,45.19356960245276,-83.96121235786477,83.65261149406433,86.1142338514328,37.93263900279999,235.82631599903107,343.32068037986755,MI,796,0,287,27.453149414062523,28.572381591796898,24.276055908203148,22.920434570312523,14.482019042968773,13.896600341796898,9.824151611328148,6.767663574218773,0195_195,1.0399396419525146,0.7862995266914368,
00004bb690b6bb0ea1ff,1088,0.4421267043017436,26119,195.0,45.16016455632279,-83.99290121382538,74.73432630300522,87.11150300502777,34.81965374946594,237.53301557898521,333.99676871299744,MI,797,0,290,27.475274658203148,28.653039550781273,24.508386230468773,23.095330810546898,14.188684082031273,13.560174560546898,9.534234619140648,6.562402343750023,0195_069,1.0506538152694702,0.803034245967865,
000067c48389be0dd7ac,1095,0.4677593060672109,26119,195.0,45.17345928082332,-83.93916895281174,83.65261149406433,86.1142338514328,37.93263900279999,235.82631599903107,343.32068037986755,MI,796,0,287,27.453149414062523,28.572381591796898,24.276055908203148,22.920434570312523,14.482019042968773,13.896600341796898,9.824151611328148,6.767663574218773,0195_057,1.0399396419525146,0.7862995266914368,
0000491cfdcb6f5dbddc,1092,0.4294537465129495,26119,195.0,45.144429200985165,-83.91875253805034,76.76197081804276,84.93717604875565,32.1849459707737,232.36958384513855,331.3926260173321,MI,802,0,289,27.494805908203148,28.653955078125023,24.491601562500023,23.012811279296898,14.317987060546898,13.663476562500023,9.602960205078148,6.667108154296898,0195_111,1.0443381071090698,0.7996983528137207,
0000772926263bb599a2,1095,0.4470289152213578,26119,195.0,45.14660572527249,-83.89269662521967,82.84771111607552,83.7537853717804,34.52740415930748,231.6285593509674,338.5951269865036,MI,797,0,288,27.461358642578148,28.555383300781273,24.322961425781273,22.928155517578148,14.490075683593773,13.828637695312523,9.740655517578148,6.800927734375023,0195_007,1.0345791578292847,0.7850895524024963,
000078299ad623c4e129,1095,0.4470289152213578,26119,195.0,45.16386820574504,-83.88314795534991,82.84771111607552,83.7537853717804,34.52740415930748,231.6285593509674,338.5951269865036,MI,797,0,288,27.461358642578148,28.555383300781273,24.322961425781273,22.928155517578148,14.490075683593773,13.828637695312523,9.740655517578148,6.800927734375023,0195_224,1.0345791578292847,0.7850895524024963,
00006f9152b0d1b0e0fa,1113,0.4670050467601237,26141,195.0,45.20342450202919,-83.86954189820213,89.42638248205185,90.43839371204376,34.3469220995903,230.71634855866432,344.45835757255554,MI,807,0,283,28.015588378906273,29.125665283203148,24.459649658203148,22.695825195312523,14.754724121093773,14.162805175781273,9.756280517578148,6.629174804687523,0195_104,1.0828865766525269,0.8189907073974609,
0000a147f839b22be18f,1113,0.4670050467601237,26141,195.0,45.205711179148025,-83.89481157630185,89.42638248205185,90.43839371204376,34.3469220995903,230.71634855866432,344.45835757255554,MI,807,0,283,28.015588378906273,29.125665283203148,24.459649658203148,22.695825195312523,14.754724121093773,14.162805175781273,9.756280517578148,6.629174804687523,0195_181,1.0828865766525269,0.8189907073974609,
0000b801cc11f7e47ec0,1094,0.4830337138789897,26119,195.0,45.17791825935446,-83.93836312370263,81.37892684340477,99.22987580299377,37.244167894124985,232.71358278393745,352.67995327711105,MI,796,0,287,27.471459960937523,28.608666992187523,24.240258789062523,22.795220947265648,14.517327880859398,13.916741943359398,9.762170410156273,6.813989257812523,0195_219,1.0390293598175049,0.7821397185325623,
000064008b1186d81f8b,1095,0.4677593060672109,26141,195.0,45.20078287154538,-83.94064987767456,83.65261149406433,86.1142338514328,37.93263900279999,235.82631599903107,343.32068037986755,MI,796,0,287,27.453149414062523,28.572381591796898,24.276055908203148,22.920434570312523,14.482019042968773,13.896600341796898,9.824151611328148,6.767663574218773,0195_213,1.0399396419525146,0.7862995266914368,
000096b15a2794910cad,1094,0.4830337138789897,26119,195.0,45.19518528776739,-83.92882174967585,81.37892684340477,99.22987580299377,37.244167894124985,232.71358278393745,352.67995327711105,MI,796,0,287,27.471459960937523,28.608666992187523,24.240258789062523,22.795220947265648,14.517327880859398,13.916741943359398,9.762170410156273,6.813989257812523,0195_020,1.0390293598175049,0.7821397185325623,
0000fc162f0743e72e67,1118,0.42695357273384577,26141,195.0,45.20799312611569,-83.92008297562836,90.1278005540371,73.22589874267578,32.47686478495598,233.08009922504425,327.63494911789894,MI,815,0,284,27.904534912109398,29.059869384765648,24.637261962890648,22.913781738281273,14.763299560546898,14.160791015625023,9.863549804687523,6.717431640625023,0195_136,1.075771450996399,0.8358342051506042,
0000a8684a412d923be5,1095,0.5258527340154685,26135,195.0,44.80251278786965,-84.19729344228328,118.29525530338287,75.06382632255554,26.730719447135925,241.15856584906578,387.015593290329,MI,707,0,286,26.877160644531273,27.823144531250023,24.127862548828148,22.956018066406273,14.622399902343773,13.913934326171898,10.297021484375023,7.544671630859398,0195_191,0.9774186015129089,0.756179928779602,
00007da6022433ac0a95,1091,0.43815013320374924,26135,195.0,44.850980979751206,-84.1823732105069,104.32270419597626,58.426739662885666,22.325163066387177,246.52468955516815,351.6467430591583,MI,755,0,285,26.952294921875023,27.895288085937523,24.026879882812523,22.833978271484398,14.534906005859398,14.046289062500023,10.126885986328148,7.483087158203148,0195_049,1.0157474279403687,0.7657630443572998,
000087b340978cc5bb1f,1099,0.6844155793403267,26135,195.0,44.762204278959004,-83.94928276063025,153.26036816835403,104.55899330973625,30.536668211221695,245.958339959383,437.65708243846893,MI,685,0,311,27.135552978515648,28.314630126953148,24.470727539062523,23.242547607421898,14.448510742187523,13.657983398437523,10.055963134765648,7.162591552734398,0195_203,1.0269556045532227,0.7968876957893372,
000008a5b3544773040e,1097,0.5253650201349916,26135,195.0,44.796906656103616,-84.08343547823476,116.7851282954216,78.49214544892311,25.16579568386078,244.77522695064545,382.0913197398186,MI,706,0,300,26.923211669921898,27.973168945312523,24.168084716796898,22.953210449218773,14.658380126953148,13.920190429687523,10.245812988281273,7.419519042968773,0195_087,1.0028588771820068,0.7731317281723022,
00006d2a37aac5230f36,1094,0.46938422608905367,26135,195.0,44.809150269834326,-84.06849567722062,101.37193298339844,75.19508746266365,21.45703774690628,244.08954349160194,356.2199048101902,MI,717,0,303,27.181756591796898,28.295739746093773,24.403222656250023,23.212640380859398,14.362939453125023,13.627709960937523,9.880364990234398,7.122979736328148,0195_066,1.0372986793518066,0.7893539667129517,
000028daff71ea35280f,1094,0.46938422608905367,26135,195.0,44.81360620878822,-84.06770275028968,101.37193298339844,75.19508746266365,21.45703774690628,244.08954349160194,356.2199048101902,MI,717,0,303,27.181756591796898,28.295739746093773,24.403222656250023,23.212640380859398,14.362939453125023,13.627709960937523,9.880364990234398,7.122979736328148,0195_196,1.0372986793518066,0.7893539667129517,
00003d7d544ff2d42935,1094,0.46938422608905367,26135,195.0,44.81749955252602,-84.06062700808552,101.37193298339844,75.19508746266365,21.45703774690628,244.08954349160194,356.2199048101902,MI,717,0,303,27.181756591796898,28.295739746093773,24.403222656250023,23.212640380859398,14.362939453125023,13.627709960937523,9.880364990234398,7.122979736328148,0195_086,1.0372986793518066,0.7893539667129517,
0000c438f9736676a94c,1094,0.46938422608905367,26135,195.0,44.82641154667416,-84.05903981235664,101.37193298339844,75.19508746266365,21.45703774690628,244.08954349160194,356.2199048101902,MI,717,0,303,27.181756591796898,28.295739746093773,24.403222656250023,23.212640380859398,14.362939453125023,13.627709960937523,9.880364990234398,7.122979736328148,0195_089,1.0372986793518066,0.7893539667129517,
0000138e1a3b886011bd,1090,0.397983288400493,26135,195.0,44.84704754661158,-84.08729102942922,92.59022405743599,56.29227361083031,19.592925757169724,242.5789698958397,328.98101779818535,MI,726,0,297,26.968774414062523,28.089624023437523,24.096307373046898,22.971643066406273,14.480126953125023,13.903375244140648,10.003350830078148,7.256921386718773,0195_172,1.0435206890106201,0.7799814343452454,
000091dd0b3e010acc9e,1097,0.6375622261953727,26135,195.0,44.7861815878869,-83.96411677300155,141.9344700872898,99.65091541409492,28.428988486528397,245.4471918642521,433.1977698504925,MI,685,0,311,27.251123046875023,28.441156005859398,24.586907958984398,23.380761718750023,14.298120117187523,13.509484863281273,9.841607666015648,7.048242187500023,0195_223,1.045737624168396,0.8044393062591553,
000055486c69257f9d37,1097,0.6375622261953727,26135,195.0,44.804569468980475,-83.9671985394011,141.9344700872898,99.65091541409492,28.428988486528397,245.4471918642521,433.1977698504925,MI,685,0,311,27.251123046875023,28.441156005859398,24.586907958984398,23.380761718750023,14.298120117187523,13.509484863281273,9.841607666015648,7.048242187500023,0195_129,1.045737624168396,0.8044393062591553,
000071c8562ed1a4abe5,1090,0.6438316615671834,26135,195.0,44.81613258827311,-83.89490069887017,131.01442715525627,116.83589044213295,25.531131476163864,239.65300074219704,426.64616772532463,MI,690,0,305,27.289819335937523,28.497674560546898,24.597253417968773,23.377252197265648,14.212854003906273,13.378564453125023,9.650201416015648,6.836633300781273,0195_165,1.0498807430267334,0.801020085811615,
0000abf52bd2f01dce3f,1087,0.680119723635878,26001,195.0,44.80105532358547,-83.8784742561828,141.81753692030907,123.81429481506348,22.857498228549957,240.6791329085827,440.5972474515438,MI,681,0,308,27.215356445312523,28.447351074218773,24.560174560546898,23.346215820312523,14.153070068359398,13.347619628906273,9.669366455078148,6.861535644531273,0195_092,1.0482375621795654,0.8037501573562622,
0000574023fb8a2e57f4,1090,0.6438316615671834,26001,195.0,44.81053605228632,-83.8831438320559,131.01442715525627,116.83589044213295,25.531131476163864,239.65300074219704,426.64616772532463,MI,690,0,305,27.289819335937523,28.497674560546898,24.597253417968773,23.377252197265648,14.212854003906273,13.378564453125023,9.650201416015648,6.836633300781273,0195_047,1.0498807430267334,0.801020085811615,
0000844a9f06be5ad3aa,1087,0.680119723635878,26001,195.0,44.79717175075908,-83.88555877865751,141.81753692030907,123.81429481506348,22.857498228549957,240.6791329085827,440.5972474515438,MI,681,0,308,27.215356445312523,28.447351074218773,24.560174560546898,23.346215820312523,14.153070068359398,13.347619628906273,9.669366455078148,6.861535644531273,0195_013,1.0482375621795654,0.8037501573562622,
000068434d130cf4fda8,1098,0.7119284686178121,26135,195.0,44.75936095089017,-83.91790121054473,161.97897908091545,110.85993561148643,27.770324170589447,245.14729970693588,448.0036334693432,MI,685,0,311,27.194757080078148,28.428460693359398,24.530755615234398,23.350671386718773,14.410607910156273,13.495294189453148,9.909478759765648,7.028863525390648,0195_045,1.0367400646209717,0.8011337518692017,
0000762ccb6f1f6785d2,1089,0.6902258649983605,26001,195.0,44.759822204337205,-83.87316635001919,147.72681325674057,117.50857645273209,25.63927572965622,239.24753412604332,435.25375843048096,MI,681,0,308,27.175164794921898,28.371667480468773,24.511499023437523,23.296258544921898,14.273278808593773,13.358209228515648,9.753289794921898,6.904809570312523,0195_156,1.029842495918274,0.7963523268699646,
0000750ef44ca22576eb,1092,0.6867816287293196,26001,195.0,44.78527029318856,-83.80474706469482,132.0433235168457,138.30312195420265,22.253041833639145,243.33101105690002,426.11247140169144,MI,659,0,301,27.303643798828148,28.543237304687523,24.657250976562523,23.445306396484398,14.264276123046898,13.350732421875023,9.633050537109398,6.791040039062523,0195_012,1.0569320917129517,0.8141894340515137,
00008a85673670158bf8,1086,0.6501815762241459,26001,195.0,44.76084195917182,-83.83470631264778,126.39116394519806,121.49161070585251,26.21894109249115,239.17103800177574,410.95296761393547,MI,662,0,304,27.113092041015648,28.367852783203148,24.453851318359398,23.264581298828148,14.273400878906273,13.365869140625023,9.725640869140648,6.882501220703148,0195_145,1.0351396799087524,0.794109046459198,
00001355340910d56333,1092,0.6867816287293196,26001,195.0,44.78584488277606,-83.81102461510673,132.0433235168457,138.30312195420265,22.253041833639145,243.33101105690002,426.11247140169144,MI,659,0,301,27.303643798828148,28.543237304687523,24.657250976562523,23.445306396484398,14.264276123046898,13.350732421875023,9.633050537109398,6.791040039062523,0195_061,1.0569320917129517,0.8141894340515137,
0000f36fce22bc0b3014,1088,0.6755132671351,26001,195.0,44.810412398915815,-83.83209465154377,132.57917439937592,132.2635639309883,22.139396756887436,242.80815267562866,429.57842949032784,MI,675,0,302,27.193261718750023,28.393518066406273,24.462792968750023,23.249963378906273,14.310449218750023,13.486352539062523,9.734979248046898,6.858209228515648,0195_247,1.0484730005264282,0.7960982322692871,
000006a9cb386de447e6,1088,0.6755132671351,26001,195.0,44.81989494446217,-83.83675835107569,132.57917439937592,132.2635639309883,22.139396756887436,242.80815267562866,429.57842949032784,MI,675,0,302,27.193261718750023,28.393518066406273,24.462792968750023,23.249963378906273,14.310449218750023,13.486352539062523,9.734979248046898,6.858209228515648,0195_091,1.0484730005264282,0.7960982322692871,
00004c887b2020256340,1115,0.6087103935102713,26001,195.0,44.81126269729052,-83.74255548264648,124.42658668756485,117.84374982118607,18.20880636572838,253.54151624441147,376.29927775263786,MI,638,0,293,27.168054199218773,28.392205810546898,24.616448974609398,23.578698730468773,14.798730468750023,13.958581542968773,10.129205322265648,7.037133789062523,0195_078,1.0404675006866455,0.8218990564346313,
0000075dc141698c6da3,1115,0.6087103935102713,26001,195.0,44.82520250308602,-83.74639233953229,124.42658668756485,117.84374982118607,18.20880636572838,253.54151624441147,376.29927775263786,MI,638,0,293,27.168054199218773,28.392205810546898,24.616448974609398,23.578698730468773,14.798730468750023,13.958581542968773,10.129205322265648,7.037133789062523,0195_021,1.0404675006866455,0.8218990564346313,
000091aca3f0ee741816,1073,0.6394349662366474,26001,195.0,44.76614745201655,-83.74441925761364,124.98764127492905,112.57514128088951,29.132226914167404,244.55974048376083,386.30315136909485,MI,622,0,295,26.841088867187523,28.055230712890648,24.217553710937523,22.946008300781273,14.442285156250023,13.444940185546898,9.807214355468773,6.816705322265648,0195_237,0.9874860644340515,0.7695837616920471,
00009b197874624af617,1073,0.6394349662366474,26001,195.0,44.75996012503789,-83.72640907744483,124.98764127492905,112.57514128088951,29.132226914167404,244.55974048376083,386.30315136909485,MI,622,0,295,26.841088867187523,28.055230712890648,24.217553710937523,22.946008300781273,14.442285156250023,13.444940185546898,9.807214355468773,6.816705322265648,0195_053,0.9874860644340515,0.7695837616920471,
0000860262398e427dca,1073,0.6394349662366474,26001,195.0,44.76325609159023,-83.71304459323129,124.98764127492905,112.57514128088951,29.132226914167404,244.55974048376083,386.30315136909485,MI,612,0,292,26.841088867187523,28.055230712890648,24.217553710937523,22.946008300781273,14.442285156250023,13.444940185546898,9.807214355468773,6.816705322265648,0195_085,0.9874860644340515,0.7695837616920471,
0000de7ef8dc8714abb6,1095,0.6757120561898068,26001,195.0,44.79772463970121,-83.69395903477724,137.00010466575623,122.67104244232178,24.469641357660294,254.28642323613167,401.92097812891006,MI,612,0,292,26.991815185546898,28.211511230468773,24.472375488281273,23.321374511718773,14.604455566406273,13.697595214843773,9.951531982421898,6.892480468750023,0195_221,0.9983055591583252,0.787151038646698,
000045089eb395d64ac8,1095,0.6757120561898068,26001,195.0,44.794430321675655,-83.7073312846587,137.00010466575623,122.67104244232178,24.469641357660294,254.28642323613167,401.92097812891006,MI,612,0,292,26.991815185546898,28.211511230468773,24.472375488281273,23.321374511718773,14.604455566406273,13.697595214843773,9.951531982421898,6.892480468750023,0195_059,0.9983055591583252,0.787151038646698,
000015246d66ae44985a,1095,0.6757120561898068,26001,195.0,44.802758054252386,-83.69941966270183,137.00010466575623,122.67104244232178,24.469641357660294,254.28642323613167,401.92097812891006,MI,612,0,292,26.991815185546898,28.211511230468773,24.472375488281273,23.321374511718773,14.604455566406273,13.697595214843773,9.951531982421898,6.892480468750023,0195_161,0.9983055591583252,0.787151038646698,
0000c57f251949f06264,1129,0.6134305645895941,26001,195.0,44.80043692473942,-83.67430763296994,134.9074227809906,108.34353813529015,23.878097534179688,257.1591629385948,381.8437156379223,MI,612,0,292,27.320214843750023,28.663262939453148,25.033502197265648,23.969995117187523,14.781854248046898,13.853204345703148,10.206475830078148,7.107354736328148,0195_155,1.0826644897460938,0.8698986172676086,
0000d73553319f17f894,1072,0.6058824512947333,26001,195.0,44.81571050469153,-83.59486203742058,126.75066205859184,104.86421406269073,23.390491992235184,259.74577474594116,363.633503228426,MI,639,0,284,26.555535888671898,28.091210937500023,24.088739013671898,22.544702148437523,14.808587646484398,13.837609863281273,9.761926269531273,6.799645996093773,0195_140,0.9875364303588867,0.7816984057426453,
0000cbfeb1412fa7140e,1093,0.5653636709184041,26001,195.0,44.753954472319116,-83.61266379772768,131.08476901054382,85.78850257396698,19.51428171992302,253.56958267092705,352.64614206552505,MI,631,0,286,26.570031738281273,27.688623046875023,23.936517333984398,22.493035888671898,15.395074462890648,14.217431640625023,10.445275878906273,7.237603759765648,0195_121,0.9459089040756226,0.76052325963974,
0000e0168ac04420d3d2,1095,0.572555905464081,26001,195.0,44.764026766425296,-83.62356664543253,128.11096480488777,88.23535460233688,22.876584261655807,249.00621390342712,355.9462855756283,MI,623,0,289,26.632989501953148,27.740991210937523,23.956323242187523,22.745202636718773,15.316430664062523,14.122796630859398,10.396661376953148,7.194360351562523,0195_184,0.9561730623245239,0.7594138979911804,
0000a4d1aa2e12493421,1095,0.572555905464081,26001,195.0,44.76519257816481,-83.63611479146776,128.11096480488777,88.23535460233688,22.876584261655807,249.00621390342712,355.9462855756283,MI,623,0,289,26.632989501953148,27.740991210937523,23.956323242187523,22.745202636718773,15.316430664062523,14.122796630859398,10.396661376953148,7.194360351562523,0195_084,0.9561730623245239,0.7594138979911804,
0000c552df917de5689d,1106,0.5894110808223932,26001,195.0,44.78358702510226,-83.63910613919036,131.89426279067993,95.3292466700077,22.440251857042313,257.47503730654716,361.5940644145012,MI,623,0,289,26.870050048828148,28.078515625000023,24.332421875000023,22.970727539062523,15.192224121093773,14.105065917968773,10.316461181640648,7.161187744140648,0195_204,0.9947617053985596,0.7940897345542908,
00002559b2a1d37e5a1c,1129,0.6134305645895941,26001,195.0,44.780880007490644,-83.65875404592276,134.9074227809906,108.34353813529015,23.878097534179688,257.1591629385948,381.8437156379223,MI,612,0,292,27.320214843750023,28.663262939453148,25.033502197265648,23.969995117187523,14.781854248046898,13.853204345703148,10.206475830078148,7.107354736328148,0195_228,1.0826644897460938,0.8698986172676086,
0000bf3eaf5abce4977f,1088,0.598799006039904,26001,195.0,44.75474287547852,-83.66994319534895,127.22637623548508,98.1767840385437,25.226617962121964,247.16339379549026,367.3687849342823,MI,612,0,292,26.809655761718773,27.995782470703148,24.251489257812523,23.057489013671898,14.773400878906273,13.724755859375023,10.063958740234398,6.992578125000023,0195_027,0.9802219867706299,0.7758839130401611,
00001f0698e5518154e4,1073,0.6394349662366474,26001,195.0,44.74815836316511,-83.6966716959922,124.98764127492905,112.57514128088951,29.132226914167404,244.55974048376083,386.30315136909485,MI,612,0,292,26.841088867187523,28.055230712890648,24.217553710937523,22.946008300781273,14.442285156250023,13.444940185546898,9.807214355468773,6.816705322265648,0195_233,0.9874860644340515,0.7695837616920471,
0000f5268318adb58b26,1073,0.6394349662366474,26001,195.0,44.74931728257485,-83.70921814938352,124.98764127492905,112.57514128088951,29.132226914167404,244.55974048376083,386.30315136909485,MI,612,0,292,26.841088867187523,28.055230712890648,24.217553710937523,22.946008300781273,14.442285156250023,13.444940185546898,9.807214355468773,6.816705322265648,0195_216,0.9874860644340515,0.7695837616920471,
0000b0fb2f51e441b0fb,1073,0.6394349662366474,26001,195.0,44.74989630246954,-83.71549153768169,124.98764127492905,112.57514128088951,29.132226914167404,244.55974048376083,386.30315136909485,MI,612,0,292,26.841088867187523,28.055230712890648,24.217553710937523,22.946008300781273,14.442285156250023,13.444940185546898,9.807214355468773,6.816705322265648,0195_166,0.9874860644340515,0.7695837616920471,
00006a20ae68637e6f54,1093,0.5653636709184041,26001,195.0,44.76942740683413,-83.58427625773112,131.08476901054382,85.78850257396698,19.51428171992302,253.56958267092705,352.64614206552505,MI,631,0,286,26.570031738281273,27.688623046875023,23.936517333984398,22.493035888671898,15.395074462890648,14.217431640625023,10.445275878906273,7.237603759765648,0195_197,0.9459089040756226,0.76052325963974,
00007556c27d74acf841,1087,0.5695645631309701,26001,195.0,44.805634697728195,-83.58395512038823,131.68076184391975,88.96898537874222,19.37093284726143,257.37261298298836,352.48112508654594,MI,631,0,286,26.722558593750023,27.973413085937523,24.117578125000023,22.486718750000023,15.063226318359398,14.027978515625023,10.131036376953148,7.032861328125023,0195_124,0.9806773066520691,0.7757058143615723,
