masterid,0,1,5,year,STATEFP,COUNTYFP
26141,4.881476385456905E9,3.0136666059127506E7,1.7412096860298425E7,2006,26,141
26007,2.8950834899253497E9,2.950899117066124E7,1.5339001111710131E7,2006,26,007
26001,2.839890173875597E9,1.0835428622131348E7,3995365.3989868164,2006,26,001
26033,3.1116201538682146E9,95718.0972290039,,2006,26,033
26135,,4312970.635620117,850946.6537475586,2006,26,135
26119,,1.0856494733884325E7,4575222.062970569,2006,26,119
26031,2.2429622534131584E8,2926450.689703728,717224.0169536516,2006,26,031
26137,,4530350.562020575,1946598.2060032266,2006,26,137
26009,1.554442695357914E8,1.2917728350180235E7,9401760.83918409,2006,26,009
26029,2.6240127654209585E9,7617329.523409256,2747187.209545659,2006,26,029
26047,1.0127870375932679E9,4438966.459472656,1106206.350402832,2006,26,047
26097,2.818424955915995E9,530063.7039794922,215285.16137695312,2006,26,097
26003,1.0628975058763126E10,784524.7814941406,341605.94140625,2006,26,003
26083,1.4071307926519072E10,9162.136047363281,,2006,26,083
26095,2.5388552845397797E9,899850.8620605469,31717.54034423828,2006,26,095
26153,1.7062708968125033E9,197678.89752197266,164536.07482910156,2006,26,153
26055,3.4339273623472357E8,7179950.9275512695,3897966.7911376953,2006,26,055
26089,5.679284851659938E9,4994467.66015625,1802185.963684082,2006,26,089
26041,1.936115961583447E9,9719969.159769693,4349905.360412598,2006,26,041
55029,4.947583742859671E9,9.927229804161784E7,4.098357923999287E7,2006,55,029
26109,7.57345614071018E8,5.2121533807649985E7,1.5344107446411133E7,2006,26,109
55075,3.0794476152515376E8,1.6283335113206643E8,2.7326849492348585E7,2006,55,075
26103,4.0029489883193793E9,1091726.413742963,819600.805847168,2006,26,103
26013,3.881250624127722E8,189183.2710571289,69020.3071899414,2006,26,013
26061,1.3041315844091897E9,154868.8790283203,46705.44598388672,2006,26,061
26071,,379825.5531518076,799818.1947631836,2006,26,071
26043,,2546834.5114028035,1744950.6138916016,2006,26,043
55037,,1350329.9795829025,42661.50476074219,2006,55,037
55083,3.229720355200867E8,2.793778791256422E8,6.683196799877356E7,2006,55,083
55041,,3252948.232736625,612289.5507202148,2006,55,041
55078,,755261.6338419598,76775.19632137523,2006,55,078
55067,,8.372329452096498E7,2.6446706430750947E7,2006,55,067
55125,,1399220.1101074219,720883.9568481445,2006,55,125
26053,8.773097818848375E8,6206.30859375,1866.5607299804688,2006,26,053
55085,,1.2364237361450195E7,4957947.367614746,2006,55,085
55115,,3.521721384817271E8,7.570509709870508E7,2006,55,115
55073,,4.547935150373959E8,1.744583575021013E8,2006,55,073
55069,,4.538815638687433E7,1.3299156424039474E7,2006,55,069
55051,2.984175504140737E8,1538529.2789916992,65116.825744628906,2006,55,051
26131,6.219439703813917E9,434699.91833496094,2482.6559448242188,2006,26,131
27031,4.443442816149324E9,,4858.7003173828125,2006,27,031
55003,3.4321786494660587E9,3539437.803179333,421975.150390625,2006,55,003
27075,1.7846877848056614E9,,12854.173889160156,2006,27,075
27137,3.32730427119687E8,101609.16583251953,344121.43798828125,2006,27,137
55007,1.3413417382691703E9,5771058.511886058,595470.4049072266,2006,55,007
55099,,1.1860603977261413E7,2087511.2995605469,2006,55,099
55119,,1.637212286112592E8,5.279327541144805E7,2006,55,119
55019,,3.9805926405229753E8,1.3080053729767755E8,2006,55,019
55107,,8.839197876075056E7,2.3755329604662366E7,2006,55,107
55017,,4.31030264728255E8,9.645039949790877E7,2006,55,017
55113,,1.836489653952828E7,7846369.655068791,2006,55,113
55129,,2.914970677763887E7,1.2069909229919434E7,2006,55,129
55031,3.761802461727835E8,1166753.1057128906,11199.170654296875,2006,55,031
55005,,2.918672257118674E8,1.0934340410747023E8,2006,55,005
55033,,4.30360181494459E8,9.969505453436854E7,2006,55,033
55095,,2.1550839511920595E8,6.849787104653345E7,2006,55,095
55109,,3.1518828630014837E8,1.117575172674527E8,2006,55,109
55013,,4.781565456488276E7,1.6136936213552438E7,2006,55,013
27115,,4.2658409871706255E7,4.755323123408777E7,2006,27,115
27017,137835.2401111079,1111484.23809982,430256.3776972752,2006,27,017
27061,,1053276.6251220703,3602774.419189453,2006,27,061
27001,,2661655.6165771484,1.884832905267406E7,2006,27,001
27021,,9685440.988659669,1.7363406713456217E7,2006,27,021
27035,,1.465486955840155E7,1.587009992930621E7,2006,27,035
27095,,7.655265274777615E7,5.68527745861814E7,2006,27,095
27097,,2.5567651346274844E8,1.4513074829035023E8,2006,27,097
27065,,3.572062791268502E7,4.21213305167301E7,2006,27,065
27025,,8.067987095199072E7,8.704217220469227E7,2006,27,025
27059,,1.1009577422419463E8,1.1098119257214978E8,2006,27,059
27163,,7.455093059285983E7,5.363370971747975E7,2006,27,163
27123,,82082.0746459961,558090.2388916016,2006,27,123
27003,,1.1972219392137475E7,1.7903512170733765E7,2006,27,003
27053,,5.69010768118152E7,4.343457940717654E7,2006,27,053
27171,,3.223673335857998E8,2.70545447263603E8,2006,27,171
27141,,9.663179784268463E7,8.008093469290724E7,2006,27,141
27009,,2.0224883385559168E8,1.2901378802053058E8,2006,27,009
27145,,6.838737783464322E8,3.9318475314794445E8,2006,27,145
27019,,2.5023485445718306E8,1.428890181349789E8,2006,27,019
27085,,5.520452978710086E8,3.26994116942519E8,2006,27,085
27093,,5.3371492047125274E8,3.791088432890912E8,2006,27,093
27067,,6.670271802540188E8,4.3505570782312536E8,2006,27,067
27129,,1.0949627432138119E9,8.201747805300162E8,2006,27,129
27121,,3.923982383010194E8,3.180770132159059E8,2006,27,121
27041,,2.58300547636262E8,2.3124586364156324E8,2006,27,041
27153,,1.779247101771968E8,1.9622938302487388E8,2006,27,153
27111,,6.361752210331898E8,5.18953549178402E8,2006,27,111
27159,,5.4864099972059295E7,6.518191308720273E7,2006,27,159
27057,,4.3958849175824806E7,4.711884485527631E7,2006,27,057
27005,,1.575741245086055E8,3.135330174719958E8,2006,27,005
27029,,1.789341248752968E7,4.247490807438055E7,2006,27,029
27119,,3.4542163276055866E8,1.0393399095089308E9,2006,27,119
27007,,6151465.664811199,3.0120869225791067E7,2006,27,007
27113,,6.059279449158651E7,2.7393066566750306E8,2006,27,113
27089,,1.3157388226688378E8,7.728931989629446E8,2006,27,089
27135,,7.435006757218137E7,3.199041995235763E8,2006,27,135
27077,1.8527066598701503E7,3991457.9133911133,3.1701140425964355E7,2006,27,077
27071,3.091226085579258E7,626714.0627441406,1.0865005036621094E7,2006,27,071
27069,1048131.5975619173,8.272391570152804E7,3.6502136093664527E8,2006,27,069
38067,3111217.8553744853,4.5617647953063965E7,3.364569418459803E8,2006,38,067
38099,,2.5671445306615014E7,2.752458991211084E8,2006,38,099
38019,1754751.6454805434,1.82379711920166E7,1.4718878894495443E8,2006,38,019
38095,,8115362.858703613,8.631140258443914E7,2006,38,095
38071,,4.900008616369629E7,2.8706244081688684E8,2006,38,071
38035,,8.301379890414871E7,4.7529085291561663E8,2006,38,035
38063,,5988108.804382324,1.5548672081550437E8,2006,38,063
38005,,1.6972697666625977E7,1.5558930655447686E8,2006,38,005
38027,,3480954.855895996,5.747921842655628E7,2006,38,027
38039,,2.9224679594611432E7,2.186003281646834E8,2006,38,039
38091,,1.1111023811357233E8,4.396382568530893E8,2006,38,091
38031,,2.1022111612548828E7,2.0496028121820432E8,2006,38,031
38093,,1.2020959426669851E8,9.770029980092381E8,2006,38,093
38003,,2.284098079360871E8,9.687363317570057E8,2006,38,003
38017,,4.7147441895480573E8,1.7235836110876591E9,2006,38,017
38097,,2.6729424951022947E8,7.268225961415222E8,2006,38,097
27107,,2.705061517100957E8,6.257392372466435E8,2006,27,107
27125,,6.989175359755597E7,2.1494906512745E8,2006,27,125
27087,,1.5010255871823338E8,1.8684918586647114E8,2006,27,087
27027,,3.912458594224429E8,6.503986365258664E8,2006,27,027
38077,,7.85458089237571E8,1.1516017798799121E9,2006,38,077
27167,,3.7591827381954926E8,5.1593920952948916E8,2006,27,167
27155,,5.2967699819781345E8,5.439075646260703E8,2006,27,155
27051,,4.658583946026341E8,3.673408312644194E8,2006,27,051
27149,,5.560422905273527E8,4.486724551131934E8,2006,27,149
27151,,7.223633821310434E8,5.507854465835743E8,2006,27,151
27023,,6.251934224827212E8,4.547144188471931E8,2006,27,023
27173,,7.992733398293536E8,6.448087985742974E8,2006,27,173
27073,,7.130341935148184E8,6.350766828815042E8,2006,27,073
27011,,3.532852306097504E8,4.297691186378703E8,2006,27,011
46051,,3.893062699476022E8,2.5855297013687718E8,2006,46,051
46109,,6.080769320132089E8,4.322960421956934E8,2006,46,109
46091,,3.513743656257386E8,2.699753801637821E8,2006,46,091
38081,,3.2211199821719366E8,5.220366331259371E8,2006,38,081
46037,,4.227976066564196E8,2.9208396684924465E8,2006,46,037
46039,,3.2250721837415856E8,2.2545222768232733E8,2006,46,039
46029,,3.3938201576241446E8,2.3930874864761582E8,2006,46,029
46057,,3.9748874186814743E8,2.6535572598918393E8,2006,46,057
46025,,4.565151008530832E8,3.324649198858078E8,2006,46,025
46013,,1.200178016267179E9,5.844630939486053E8,2006,46,013
38021,,2.0524519656562835E8,5.095770224979532E8,2006,38,021
38045,,2.833245589603447E8,8.841687526145961E8,2006,38,045
38073,,2.2556362648772472E8,4.4354439926357716E8,2006,38,073
38047,,1.3536971188945457E7,1.0544285680456926E8,2006,38,047
38043,,1.9044515507080078E7,3.648833635162497E7,2006,38,043
38051,,1.1247024721048035E7,9.861104591066223E7,2006,38,051
46089,,1.2678181208434914E8,3.831590436135493E7,2006,46,089
46045,,2.7217465614823186E8,5.7412316456321806E7,2006,46,045
46115,,9.988462567500012E8,3.24368166607965E8,2006,46,115
46049,,1.721572247930317E8,2.205833710048756E7,2006,46,049
46059,,2.3034269328378236E8,3.706172609512724E7,2006,46,059
46021,,2.1285040881613337E7,4456602.966064453,2006,46,021
46129,,7.450457904418945E7,6125759.779296875,2006,46,129
46107,,1.0221179080712338E8,7258629.1076049805,2006,46,107
46069,,2.646342608637073E7,2202717.2364585726,2006,46,069
46119,,5.219171780439022E7,2.027613706433034E7,2006,46,119
46041,,1143938.7806396484,737547.8823852539,2006,46,041
46065,,4.767300612113108E7,1.155313932231733E7,2006,46,065
46117,,9057339.983215332,2048792.384302476,2006,46,117
46031,,1483994.3369140625,1349583.8039455041,2006,46,031
38085,,1430380.462890625,9479055.41320753,2006,38,085
38037,,82952.072265625,1.8169273173747703E7,2006,38,037
38059,,5336987.887939453,9537576.930114746,2006,38,059
38029,,5955713.295288086,3.965894983215332E7,2006,38,029
38015,,4151825.3083496094,1.913639983532715E7,2006,38,015
38065,,6348931.401184082,5933681.9140625,2006,38,065
38055,,1.0876964229003906E7,1.3738254850158691E7,2006,38,055
38057,,3297105.1345214844,3206313.4493408203,2006,38,057
38061,,271236.63134765625,1287345.9997558594,2006,38,061
38101,,1390056.7784423828,3.852655341558838E7,2006,38,101
38083,,287664.8881225586,1.5658991981506348E7,2006,38,083
38049,,1.6052728104851697E7,4.1056010740474924E7,2006,38,049
38103,,4724122.215209961,1.439671356324585E8,2006,38,103
38069,,3701580.9169672946,5.5527298164609425E7,2006,38,069
38079,,1442551.8820800781,2.654979082176346E7,2006,38,079
38009,,630839.827331543,1.2914336703874176E7,2006,38,009
38075,,15423.8837890625,1682099.0224609375,2006,38,075
38013,,61063.3818359375,1591624.2616972083,2006,38,013
38023,,399495.4869995117,1866043.0038452148,2006,38,023
38105,,3471040.3990478516,2721993.6697998047,2006,38,105
38053,,3224794.8088378906,5116942.963282686,2006,38,053
38007,,1222.494384765625,414636.5915527344,2006,38,007
38033,,617.2924194335938,845247.0438232422,2006,38,033
38087,,16734.180419921875,712701.3297119141,2006,38,087
38089,,13551.752075195312,4392534.400695801,2006,38,089
38025,,81033.2798461914,3999827.7866210938,2006,38,025
38041,,3104.6484985351562,2018124.8541259766,2006,38,041
38001,,13136.517272949219,5695517.688776473,2006,38,001
46105,,5198558.754638672,7857538.591552734,2006,46,105
46137,,118894.01873779297,795654.8892822266,2006,46,137
46055,,8932804.9977417,1422536.7130737305,2006,46,055
46093,,1954013.5566166895,1416372.9396778778,2006,46,093
46103,,2071688.5078735352,892760.8396606445,2006,46,103
46063,,3006381.4204101562,638641.3916625977,2006,46,063
46019,7809.143266027114,2.001809505259459E7,1951573.289631204,2006,46,019
46081,,697973.8033803902,100021.16625976562,2006,46,081
38011,,24348.65789794922,1379123.685546875,2006,38,011
20175,,2.5253044038606122E8,5.609580507809341E7,2006,20,175
20119,,2.907018877257396E8,5.623160914237396E7,2006,20,119
20081,,3.398051335594019E8,4.189783040460372E7,2006,20,081
20069,,2.954718130868011E8,5.686394389782452E7,2006,20,069
20189,2250958.685889625,4.540826624937512E8,2.071737022003174E7,2006,20,189
20067,,1.7185807146216184E8,9940766.040835153,2006,20,067
20129,9214948.799278831,8.134565480387777E7,6284475.87097168,2006,20,129
20187,,2.2074277581244922E8,1.2592077252434704E7,2006,20,187
20093,,1.586934705342534E8,9283030.826956715,2006,20,093
20075,,3.516472707154948E7,1.765772420377341E7,2006,20,075
20055,,3.6532008653007644E8,4.581615056793811E7,2006,20,055
20171,,2.0765947227835116E8,8045416.162658691,2006,20,171
20101,,5.012582570045023E7,4058329.396179199,2006,20,101
20203,,1.9901581023485368E8,4781178.457336426,2006,20,203
20109,,2.0511080514712682E8,2388646.246398926,2006,20,109
20063,,2.3856298663350758E8,5195003.842972819,2006,20,063
20193,,6.08746511204974E8,4.0819587365478516E7,2006,20,193
20179,,5.06056045889371E8,2.3680218173094746E7,2006,20,179
20199,,2.3048076652749312E8,3935749.2604456283,2006,20,199
20181,1544503.7862453081,3.910290397715227E8,1.5426382371758673E7,2006,20,181
20071,,1.228300808808201E8,1583633.8713378906,2006,20,071
46033,,910104.1101074219,72115.58319091797,2006,46,033
46047,,4871059.328369141,2541973.919494629,2006,46,047
31165,,7.856928916976748E7,3898440.915863396,2006,31,165
31157,,4.096688881345356E8,2.5866576963116333E7,2006,31,157
31007,,6.663173071423411E7,2862867.832458496,2006,31,007
31105,2786341.7544215773,1.4018425831143633E8,4378309.0185546875,2006,31,105
31123,,3.179059617547184E8,1.0543698487121582E7,2006,31,123
31033,,2.4258321606516686E8,7692067.868530273,2006,31,033
31069,,1.1678741198261216E8,6692473.809143066,2006,31,069
31049,,9.440900167168733E7,8351034.225846593,2006,31,049
31057,6882876.075961003,4.250873781459532E8,4.2646476406219125E7,2006,31,057
31029,1.4378317997873582E7,7.464490922225219E8,5.43302124660824E7,2006,31,029
31135,1.1594428148598352E7,8.513775199018431E8,5.5695363559217274E7,2006,31,135
31085,,3.0496386791784906E8,2.9230305162022013E7,2006,31,085
20023,1510557.548069853,1.6516729875419253E8,1.3073975530058019E7,2006,20,023
20153,,1.866842405733769E8,1.571096216707237E7,2006,20,153
31087,,2.5910755286105537E8,2.5751500179653034E7,2006,31,087
20039,,3.186909738107989E8,4354943.93506721,2006,20,039
31145,,3.4314402923043907E8,4.8114246873970784E7,2006,31,145
31063,,4.076140450501225E8,6.607138446306608E7,2006,31,063
31111,,8.46084609129088E8,1.4889201994577014E8,2006,31,111
31113,,9.304003777875163E7,1.1521677276855469E7,2006,31,113
31117,,1.4910421747108132E7,1496906.0424804688,2006,31,117
31101,,4.361948803668667E8,5.052084306343013E7,2006,31,101
31005,,1.3069221689399272E7,1351581.343383789,2006,31,005
31075,,135909.8257446289,668.9158325195312,2006,31,075
31091,,155250.86920166016,412368.9966430664,2006,31,091
31171,,1155811.8087768555,676022.7683105469,2006,31,171
31031,,5.771902427178955E7,8964981.538757324,2006,31,031
46121,,2.6312051347717285E7,8636283.802062988,2006,46,121
46007,,1.0654180278625488E7,4121427.141418457,2006,46,007
31161,,1.1508870645995185E8,1.8017364269470215E7,2006,31,161
31013,,3.257194479884249E8,2.593974179498291E7,2006,31,013
31045,,1.8322046712472238E7,887827.8596801758,2006,31,045
46113,,1787827.3131713867,187244.9408569336,2006,46,113
46071,,180566.77032470703,445834.61682128906,2006,46,071
46095,,6602011.459390318,672222.3709939396,2006,46,095
46075,,9741863.098144531,574031.1931152344,2006,46,075
46085,,8.757159568371007E7,9948924.33705552,2006,46,085
46017,,2.513509159588264E7,1.3706198476135254E7,2006,46,017
46123,,1.99458793343116E8,1.641717974229449E7,2006,46,123
46015,,1.7216739271614656E8,3.1658556449348718E7,2006,46,015
46053,,1.406335010893756E8,4.35140649288354E7,2006,46,053
46023,,5.844477969688699E8,1.745357267703632E8,2006,46,023
31103,,5.772506205019627E7,1.2612311909851074E7,2006,31,103
31017,,1.4544384480415183E8,4.034578806913775E7,2006,31,017
31149,,9.233995711074793E7,5.1754465956321806E7,2006,31,149
31089,,6.971706030244949E8,2.8619117869128394E8,2006,31,089
31015,,1.291410514042459E8,1.915699443508612E7,2006,31,015
46043,,3.0994352589145064E8,1.0828468568656555E8,2006,46,043
31107,,6.718985218372893E8,8.290477895529258E7,2006,31,107
46009,,5.1681276681245553E8,1.1604893096061054E8,2006,46,009
31003,,8.925774692575494E8,3.8266751764705265E8,2006,31,003
31139,,8.386952466945727E8,1.4003023604551739E8,2006,31,139
46067,,8.459291621750853E8,2.3565383227595648E8,2006,46,067
46035,,3.195890231991347E8,8.958802450653028E7,2006,46,035
46061,,4.376029019811411E8,1.2130689043687241E8,2006,46,061
46097,,3.238803295956133E8,1.798350157978688E8,2006,46,097
46111,,2.4994989132287192E8,6.892732482420295E7,2006,46,111
46073,,7.27410760636307E7,3.1228697102331065E7,2006,46,073
46003,,2.5487639204607818E8,7.854914478780614E7,2006,46,003
46005,,7.098325173618069E8,1.6747969914060298E8,2006,46,005
46077,,5.711298308958884E8,4.071091525275248E8,2006,46,077
46011,,5.692031456393424E8,4.015370311510274E8,2006,46,011
46079,,4.9732681693017185E8,4.131338807261392E8,2006,46,079
46087,,6.316726824046408E8,2.643260203941356E8,2006,46,087
46099,,7.32253543524487E8,4.732678334974385E8,2006,46,099
46101,,5.376275513575579E8,3.2706873619966555E8,2006,46,101
27133,,5.408136598104733E8,4.5642809000458866E8,2006,27,133
27117,,4.285813492113809E8,3.847727569701317E8,2006,27,117
27081,,4.1670461225847596E8,3.816508434322251E8,2006,27,081
27083,,7.63657267469635E8,6.130016603726807E8,2006,27,083
27127,,9.990686248914802E8,8.707822611051011E8,2006,27,127
27101,,7.43824264648337E8,6.559604164272556E8,2006,27,101
27033,,7.327386464802886E8,5.961953621038896E8,2006,27,033
27015,,6.774959761988528E8,5.008699218291496E8,2006,27,015
27063,,8.198006175019382E8,6.770834719853014E8,2006,27,063
27105,,8.267164806513522E8,7.258778826570737E8,2006,27,105
19119,,6.934427506499202E8,5.69725883055726E8,2006,19,119
19167,,1.0556411055848708E9,6.533231894928983E8,2006,19,167
19141,,7.045023522096272E8,5.921618821325045E8,2006,19,141
19143,,4.98254580470692E8,4.193370280027944E8,2006,19,143
19059,,4.0950719461705893E8,3.3180541022248995E8,2006,19,059
19041,,6.877617714341925E8,4.933304150765523E8,2006,19,041
19035,,7.036628031436803E8,4.8734172448174137E8,2006,19,035
19021,,8.096155003688366E8,4.71689164155979E8,2006,19,021
19161,,9.243333523969054E8,3.643420555985545E8,2006,19,161
19093,,5.984492917558818E8,3.399006285413448E8,2006,19,093
19193,,9.885842524951786E8,5.803169557093647E8,2006,19,193
19149,,1.0040733193304412E9,7.361479212338932E8,2006,19,149
31043,,2.843169271075808E8,1.6171584256019264E8,2006,31,043
46127,,5.814647029762177E8,2.8822104362530017E8,2006,46,127
31051,,4.6992745232779634E8,2.325239978075334E8,2006,31,051
31179,,6.404569989124783E8,2.006156983885962E8,2006,31,179
31027,,1.1018053071171694E9,4.430657382941656E7,2006,31,027
46027,,6.168680205448904E8,7.828844453326178E7,2006,46,027
46083,,7.573042627689663E8,3.505973531495797E8,2006,46,083
46125,,7.368972308083534E8,2.5627021806605005E8,2006,46,125
46135,,5.535953642364647E8,5.078970676765831E7,2006,46,135
31119,,6.941373234821186E8,2.9931541083096874E8,2006,31,119
31167,,4.4866040820565945E8,1.69418308429177E8,2006,31,167
31037,,5.1793800662916154E8,2.5853508021770364E8,2006,31,037
31141,,9.710961501518999E8,3.4894212090361816E8,2006,31,141
31125,,3.6504147448924327E8,1.6059977368728548E8,2006,31,125
31143,,5.959644768136212E8,2.7487199856544E8,2006,31,143
31121,,5.991811103756334E8,1.9908318684473854E8,2006,31,121
31185,,8.816855614708298E8,3.6945396550960404E8,2006,31,185
31023,,6.954724882607136E8,3.5089259075921047E8,2006,31,023
31159,,7.053959875792271E8,2.9050250893316746E8,2006,31,159
31053,,7.340574177179694E8,3.539042339014207E8,2006,31,053
31155,,9.051415331339269E8,4.897490510873624E8,2006,31,155
31055,,1.776982018872758E8,6.742613238601267E7,2006,31,055
31177,,4.625569606616665E8,2.020268032070813E8,2006,31,177
31021,,7.272692348935673E8,2.631663731491784E8,2006,31,021
31039,,7.558047022530382E8,3.8434110135661596E8,2006,31,039
31173,,4.5502488552235425E8,2.2424896121565983E8,2006,31,173
19133,,9.056554813635578E8,3.7734033519605434E8,2006,19,133
19085,,9.004549422371691E8,3.863552705791209E8,2006,19,085
19047,,8.503577899706184E8,6.131072314429312E8,2006,19,047
19027,,7.714828087844876E8,4.921809013096645E8,2006,19,027
19165,,7.423182842481806E8,5.73973596218745E8,2006,19,165
19009,,5.335801859806876E8,3.930090492921653E8,2006,19,009
19155,,1.0618247368052928E9,7.897587771796272E8,2006,19,155
19029,,6.126368353318496E8,4.2343350635539854E8,2006,19,029
19137,,4.5652145905735743E8,2.97536096406095E8,2006,19,137
19129,,4.8208806344171154E8,3.43520509079371E8,2006,19,129
31153,,1.846857545989582E8,1.115077689319458E8,2006,31,153
31025,,6.03358893286241E8,4.191747844351502E8,2006,31,025
31131,,6.948679792778832E8,3.4101916369582427E8,2006,31,131
31097,,2.787065801754845E8,7.954048513386111E7,2006,31,097
31127,,4.674492739783009E8,2.2034297105760354E8,2006,31,127
29005,,6.200812277111264E8,4.5227339230659944E8,2006,29,005
19071,,5.680242290663424E8,3.9808167566063565E8,2006,19,071
19145,,5.549357398292288E8,3.432223098169635E8,2006,19,145
29147,,5.64317569426777E8,4.511301611340909E8,2006,29,147
31147,,5.2801481933601344E8,3.1519199813641834E8,2006,31,147
29087,,4.66345846404593E8,3.6436055133286035E8,2006,29,087
29003,,2.5177675677976328E8,2.2530487720828557E8,2006,29,003
20043,,3.754274933548702E8,2.1910016503243548E8,2006,20,043
20013,,5.795783321540735E8,3.2242624303080857E8,2006,20,013
20131,,3.684770017089727E8,3.2053215601451296E8,2006,20,131
31133,,2.419741797700736E8,1.065571650023131E8,2006,31,133
20117,,2.988752370989983E8,5.283832914051356E8,2006,20,117
31067,,7.597858195074319E8,4.8778817790591466E8,2006,31,067
20201,,2.0987973407251814E8,2.9839694568760467E8,2006,20,201
31095,,4.5602750074360025E8,2.7047242858192825E8,2006,31,095
31151,,6.474479509389796E8,3.2424929314474356E8,2006,31,151
31109,,7.174319098671321E8,3.1877461354368997E8,2006,31,109
31059,,8.65045854527488E8,3.478559814892159E8,2006,31,059
31169,,6.046477432336612E8,2.8805948619071466E8,2006,31,169
20157,,2.915886696832094E8,2.6178515316027567E8,2006,20,157
20089,,2.0507342315364492E8,7.701789039808494E7,2006,20,089
31129,,5.004114493225304E8,1.3538256982659984E8,2006,31,129
31035,,7.526526574539534E8,2.935359754341646E8,2006,31,035
31181,,3.7645437573427516E8,9.744861354800092E7,2006,31,181
20183,,1.8947471837481043E8,2.2500496626686245E7,2006,20,183
20147,,1.5886236093295848E8,9809057.85151774,2006,20,147
31061,,3.6101397135699785E8,1.808405741244193E8,2006,31,061
31083,,4.09491313182109E8,1.4311790510350463E8,2006,31,083
31001,,7.592019448220431E8,3.094526685967606E8,2006,31,001
31099,,6.803710152498627E8,3.623092705290915E8,2006,31,099
31137,,6.954691659437714E8,3.716110585604217E8,2006,31,137
31019,,8.421920246035397E8,2.895739405694487E8,2006,31,019
31079,,7.712793026797267E8,1.505636825279797E8,2006,31,079
31081,,7.96156449200041E8,3.4625485112480396E8,2006,31,081
31093,,4.228466417862925E8,1.1184850848540589E8,2006,31,093
31077,,3.0294689609144455E8,1.0543730352101813E8,2006,31,077
31011,,6.840918258486823E8,3.273685259007415E8,2006,31,011
31183,,1.5474746777787727E8,4.775566853179596E7,2006,31,183
31175,,2.827501682017097E8,8.704224926768847E7,2006,31,175
31071,,4.641568953233355E7,7022023.814732211,2006,31,071
31163,,3.018327581295578E8,7.74220836223762E7,2006,31,163
31041,,9.417275112204776E8,2.0810710610607526E8,2006,31,041
31047,,8.671379884810653E8,1.9987930781325778E8,2006,31,047
31115,,3.0027157099332202E7,5888738.350979434,2006,31,115
31009,,9300928.972204112,964524.8145141602,2006,31,009
31073,,3.484552999800395E8,1.1108760707067129E8,2006,31,073
31065,,4.582707402886749E8,6.204525593187279E7,2006,31,065
20137,,2.750414845749181E8,9309424.1025326,2006,20,137
20065,,1.520084161809544E8,6871572.066772461,2006,20,065
20195,,5.528200355144881E7,5552367.188346354,2006,20,195
20135,,2.571805972697706E7,9284055.83591141,2006,20,135
20083,,4.385666635270925E7,1.1624850388375316E7,2006,20,083
20051,,3.316795744167696E7,6166566.243823242,2006,20,051
20165,,4.030094999725533E7,8137390.874666341,2006,20,165
20145,,1.394484780588532E8,3.698837744352238E7,2006,20,145
20163,,7.482097521220656E7,1.1360009026123047E7,2006,20,163
20141,,9.597942583332472E7,2.2371474392725807E7,2006,20,141
20167,,2.6868530659609564E7,1.1318928726623535E7,2006,20,167
20105,,3.526854613301547E7,3.75070927999167E7,2006,20,105
20123,,1.4327658778635058E8,3.961411631478152E7,2006,20,123
20029,,1.3820795564920884E8,1.0402637702713862E8,2006,20,029
20143,,2.9919798075160842E7,5.771338618224403E7,2006,20,143
20053,,2.2152562581048943E7,1.8201142900668275E7,2006,20,053
20009,,1.5424989284038183E8,2.453891869176839E7,2006,20,009
20169,,2.504999621939793E7,5.8026061353542194E7,2006,20,169
20113,,1.7319580691059187E8,9.386067767868868E7,2006,20,113
20159,,1.298891036780209E8,5.251432096926319E7,2006,20,159
20185,,2.5509180177066725E8,2.7248240627441406E7,2006,20,185
20047,,2.3474201459732312E8,3.6686056729310036E7,2006,20,047
20151,,2.6684067448783293E8,2.8152198534423828E7,2006,20,151
20097,,1.3539884659349796E8,1.4899683665996956E7,2006,20,097
20155,,2.2211395918396235E8,5.692992980568656E7,2006,20,155
20173,,1.45190404158683E8,1.4260258801570857E8,2006,20,173
20095,,4.0825835996863514E7,1.4247168665039062E7,2006,20,095
20007,471940.6351411711,3.0665761473707955E7,3641113.803466797,2006,20,007
20077,2320102.5070099505,2.15895493777035E7,797779.8571777344,2006,20,077
20191,144571.721969066,1.4090416488851485E8,1.4411489161994627E8,2006,20,191
20033,,1.1401002855407715E7,2348000.5287475586,2006,20,033
20025,,9406976.46875,1171479.5383911133,2006,20,025
20057,,1.9479023794092444E8,3.75780555381161E7,2006,20,057
20035,5605676.372501145,7.828974765438376E7,1.071224655593453E8,2006,20,035
20019,2101734.3581753587,6985745.555175781,1.6300922779175524E7,2006,20,019
20125,1382636.252203728,1.0074034219870344E8,6.63586316946459E7,2006,20,125
20099,6140673.039526848,1.4714026761764783E8,4.615641074047827E7,2006,20,099
20021,1673995.2608448719,1.8421915377272975E8,7.348753838270983E7,2006,20,021
20037,,1.4504211085500872E8,6.708834633038689E7,2006,20,037
20133,,1.0812161040462048E8,7.080943928228727E7,2006,20,133
20205,,1.2928243720157902E8,1.386787336236206E8,2006,20,205
20207,,6.4699266959871665E7,8.801758650874501E7,2006,20,207
20001,,9.861836610523994E7,1.5557948248823333E8,2006,20,001
20011,,4.290731508378021E7,6.653249021900658E7,2006,20,011
20107,,4.440806381660564E7,1.4120871711467624E8,2006,20,107
20003,,1.5338271885565642E8,2.1534072889365232E8,2006,20,003
20121,,6.54178979361108E7,1.2226504119048834E8,2006,20,121
20059,,1.0894900577375728E8,2.2919009240116212E8,2006,20,059
20031,,9.85103297699056E7,2.2164970494470719E8,2006,20,031
20139,,1.126924814720739E8,2.3564340588598704E8,2006,20,139
20073,,3.60046321135005E7,7.621908534937288E7,2006,20,073
20111,,1.0787441354772425E8,2.4596345642829132E8,2006,20,111
20017,,3.55170043476261E7,5.6182543185801305E7,2006,20,017
20049,,1.860379789270666E7,3.508028094372008E7,2006,20,049
20015,,2.011393466326878E8,1.617006235869689E8,2006,20,015
20079,,1.775535970208362E8,1.3033052677507828E8,2006,20,079
20115,,1.676494074528306E8,1.5989748233027196E8,2006,20,115
20127,,6.1818737865042895E7,1.276378494289874E8,2006,20,127
20197,,6.955801276669635E7,1.0096298701660752E8,2006,20,197
20061,,2.635307785446466E7,4.283180751398519E7,2006,20,061
20161,,4.760858580782998E7,9.044705889607148E7,2006,20,161
20041,,6.593919726311873E7,1.5328897364282584E8,2006,20,041
20027,,1.0983325502323805E8,1.9947823887015933E8,2006,20,027
20149,,1.333639568995948E8,1.3091247397170578E8,2006,20,149
20085,,1.1162063617240724E8,1.3545780193593436E8,2006,20,085
20177,,1.1985376353606814E8,1.3554085332143703E8,2006,20,177
20087,,1.2784282231504816E8,1.6975174845438924E8,2006,20,087
20045,,8.558889884210208E7,1.1929359855249259E8,2006,20,045
20103,,5.775288854990091E7,1.1799609793725178E8,2006,20,103
20005,,2.5095092231982145E8,1.91774526058369E8,2006,20,005
29165,,1.4242168490953216E8,1.8105133438474107E8,2006,29,165
29021,,1.8774785273321176E8,2.0821255307428017E8,2006,29,021
29049,,1.3419263583632237E8,1.4172857944213125E8,2006,29,049
29063,,1.0605032870330834E8,1.547266304639969E8,2006,29,063
29047,,4.2799745098836266E7,8.02123586066923E7,2006,29,047
20209,,6243535.384338377,1.8960089763805434E7,2006,20,209
20091,,4.430469132687007E7,7.223773417449185E7,2006,20,091
29095,,7.738697345565353E7,1.1133905041712622E8,2006,29,095
29037,,1.179320765760845E8,1.9968900060638332E8,2006,29,037
29177,,1.8195133067669368E8,2.3113030294812685E8,2006,29,177
29107,,4.1795602771726656E8,3.5682220836716545E8,2006,29,107
29101,,1.525058001155211E8,1.7378407863999668E8,2006,29,101
29033,,3.660006482270726E8,4.01067227038771E8,2006,29,033
29025,,5.8497297473431036E7,1.41056956506655E8,2006,29,025
29061,,1.3365552665881686E8,2.4515716785743278E8,2006,29,061
29117,,1.2219892077526952E8,3.821271885282096E8,2006,29,117
29195,,5.79689549779048E8,4.906663913465973E8,2006,29,195
29041,,3.120944106192742E8,4.410430952194425E8,2006,29,041
29115,,8.890373578781259E7,2.0085552945890445E8,2006,29,115
29121,,1.15015406598971E8,2.3700500564743727E8,2006,29,121
29175,,6.525652962706179E7,1.2278042866781797E8,2006,29,175
29089,,1.3237922789855956E8,1.2812468279413012E8,2006,29,089
29053,,1.963409254169175E8,1.6425779225557E8,2006,29,053
29019,,8.30586370344499E7,1.4006581956504E8,2006,29,019
29135,,4.303056296682322E7,4.564481110764041E7,2006,29,135
29141,,2.4103079987976067E7,2.237950488355664E7,2006,29,141
29159,,2.060714412590016E8,2.628958320328914E8,2006,29,159
29083,,8.889781132013944E7,1.2531550792993258E8,2006,29,083
29015,,4.467195665563296E7,4.82714048270996E7,2006,29,015
29185,,4.103302308487405E7,5.3124936641495295E7,2006,29,185
29085,,2553455.7665503407,2895144.3454589844,2006,29,085
29051,,1.6253332195112638E7,2.6870899015793502E7,2006,29,051
29131,,5478980.08490086,9547236.92886963,2006,29,131
29029,,100647.57794189453,738544.0447387695,2006,29,029
29059,,157282.7328491211,361447.9705386891,2006,29,059
29105,,1039643.7689819336,1329745.1902307847,2006,29,105
29225,,332122.8605957031,373945.69256591797,2006,29,225
29229,,,3571.5880737304688,2006,29,229
29077,,484348.029296875,1003406.4065551758,2006,29,077
29167,,2028579.9193725586,3169293.0863539753,2006,29,167
29039,,9222888.638857374,1.2584827860795086E7,2006,29,039
29057,,3.715082345746711E7,4.094857698402146E7,2006,29,057
29109,,1.2737900484168438E7,8839913.365774117,2006,29,109
29097,,9.778868375442013E7,8.331188601924452E7,2006,29,097
29011,,1.7784468065374064E8,1.4818219823192546E8,2006,29,011
29217,,1.937659816816234E8,1.5559944201665178E8,2006,29,217
29013,,1.950496480146841E8,2.978177800039817E8,2006,29,013
29145,,1.2968557626708984E7,9177777.524414062,2006,29,145
29119,19021.405327531407,703570.9198608398,33134.623596191406,2006,29,119
29009,,985294.5655517578,489092.00244140625,2006,29,009
29153,,721.2117309570312,721.2191772460938,2006,29,153
29213,,1441.0809326171875,116022.59997558594,2006,29,213
29209,,,5755.709228515625,2006,29,209
29043,,52369.65563964844,106147.58697509766,2006,29,043
29067,,,157120.3472290039,2006,29,067
29215,,,716.2874145507812,2006,29,215
29091,,,68383.7529296875,2006,29,091
29203,,,12193.897277832031,2006,29,203
29035,,,8616.5869140625,2006,29,035
29149,,,2160.9716186523438,2006,29,149
29069,4.92220186169294E7,1.080660767074614E8,9.970051935633857E8,2006,29,069
29023,,2.673431487283768E8,5.62060352184958E8,2006,29,023
29181,,2.7759459815802116E7,5.707409783238982E7,2006,29,181
29223,,4471256.080078604,1.076697078244988E7,2006,29,223
29179,,329860.77825927734,198165.12841796875,2006,29,179
29093,,,4977.9808349609375,2006,29,093
29207,,4.4151432348086286E8,8.88815501782112E8,2006,29,207
29017,,4.816407261696726E7,8.359245055802214E7,2006,29,017
29123,,21402.65869140625,959996.5581665039,2006,29,123
29157,,7.898786515894103E7,1.244367710060238E8,2006,29,157
29186,,3.8170760979493864E7,4.293661798301189E7,2006,29,186
29187,,1218678.2168579102,2112286.2306884765,2006,29,187
17157,,2.26411858616883E8,2.935805011908914E8,2006,17,157
17133,,2.0467125410692376E8,1.9478339613254994E8,2006,17,133
29099,,9933440.072694067,2.0771953833003268E7,2006,29,099
17163,,3.9104075333790004E8,3.6144680504382086E8,2006,17,163
29510,,47554.64800450942,179160.72800675934,2006,29,510
29189,,2.4973543982128426E7,3.995123578055707E7,2006,29,189
29221,,13486.285278320312,81367.80603027344,2006,29,221
29071,,6.3158334473120354E7,8.2119782495408E7,2006,29,071
29183,,1.817589545183967E8,2.3682817862857524E8,2006,29,183
29219,,7.277610354414615E7,1.096782232350219E8,2006,29,219
29055,,117511.59838867188,82530.0893020929,2006,29,055
29065,,51131.074768066406,15630.854675292969,2006,29,065
29161,,12051.016845703125,507402.5540216181,2006,29,161
29169,,1535242.421447754,1397830.9560546875,2006,29,169
29125,,1127179.4954678405,3593976.1461370727,2006,29,125
29151,,2.79964423908318E7,3.75413816757846E7,2006,29,151
29027,,1.1236945290635005E8,2.071122248494157E8,2006,29,027
29073,,1.5820983025387991E7,2.798347425184565E7,2006,29,073
29139,,1.5888800470741084E8,2.8764269165695137E8,2006,29,139
29113,,1.466837781012389E8,2.5075280113679108E8,2006,29,113
29163,,2.1703591129739177E8,2.8423766549170697E8,2006,29,163
29007,,3.367188413877525E8,6.451244439055454E8,2006,29,007
29137,,2.2969142779773286E8,2.7955690331853455E8,2006,29,137
29205,,2.0785185107562003E8,3.4988725767790407E8,2006,29,205
29103,,1.6274958696087688E8,2.724875615159847E8,2006,29,103
29127,,2.059865293292756E8,2.2034534701182887E8,2006,29,127
29111,,2.4535073312118304E8,2.4906966280781132E8,2006,29,111
29173,,1.838069966994095E8,2.4258747763655338E8,2006,29,173
17149,,6.643340314733853E8,3.829278048970194E8,2006,17,149
17001,,6.16066502626398E8,4.814702636403983E8,2006,17,001
17009,,1.704132556675976E8,1.2001824561100756E8,2006,17,009
17171,,2.49369070937019E8,1.6305886261544934E8,2006,17,171
17061,,5.2972097506647587E8,3.117092663394567E8,2006,17,061
17013,,7.942492692045607E7,6.061944908088613E7,2006,17,013
17083,,2.5496170108839032E8,1.8610553856941766E8,2006,17,083
17119,,4.4630803744641376E8,3.417698915103433E8,2006,17,119
17117,,8.343524367618482E8,5.0317823078472304E8,2006,17,117
17137,,5.943886513970196E8,4.2833033796325964E8,2006,17,137
17017,,3.684529106677665E8,2.3964456694175836E8,2006,17,017
17169,,2.778018982950396E8,1.848951558906011E8,2006,17,169
17125,,6.522427171707274E8,3.924729256459177E8,2006,17,125
17057,,5.812003419436827E8,4.888879007711152E8,2006,17,057
17109,,6.020142607917241E8,4.4339385384600735E8,2006,17,109
17187,,6.029425595777947E8,4.941721991292531E8,2006,17,187
17067,,7.132643954150084E8,5.555122607542509E8,2006,17,067
17071,,3.956400080698067E8,2.637802001761192E8,2006,17,071
19111,,3.602010980695028E8,2.238456568069376E8,2006,19,111
19057,,3.667185331078478E8,2.1816072355396447E8,2006,19,057
17131,,5.78532758363801E8,4.637132634184894E8,2006,17,131
19115,,3.5365309187575424E8,2.7010406763648975E8,2006,19,115
17073,,9.399741050025198E8,7.653657123778183E8,2006,17,073
17095,,6.465756844706112E8,5.2772931040081984E8,2006,17,095
17195,,9.090587804930081E8,4.586659075901987E8,2006,17,195
17161,,3.1044003300838524E8,2.1982970624696544E8,2006,17,161
19163,,4.345293272747147E8,3.1682949538049495E8,2006,19,163
19045,,7.233659154364058E8,5.50097153405326E8,2006,19,045
17015,,5.3170098773880285E8,2.160238061659201E8,2006,17,015
19097,,3.1162803800930715E8,2.3936262816365844E8,2006,19,097
17085,,3.257707279550444E8,1.8680175303784406E8,2006,17,085
55065,,4.616698236979172E8,2.1638402187245902E8,2006,55,065
55043,,4.328664359200428E8,2.0753943310660258E8,2006,55,043
19061,,4.615175417694001E8,1.7262773525651026E8,2006,19,061
19031,,6.241602077032468E8,4.9574432722931194E8,2006,19,031
19105,,5.760413209187596E8,3.4624437492277956E8,2006,19,105
19055,,7.104391266444983E8,3.306545729650697E8,2006,19,055
19139,,3.9919944252777255E8,2.8844207083020145E8,2006,19,139
19103,,4.824925691862126E8,3.501473790525413E8,2006,19,103
19183,,4.8004921785507256E8,3.949121193771642E8,2006,19,183
19095,,5.2302770310176355E8,3.4552304350986934E8,2006,19,095
19011,,8.176131463099353E8,6.150811796645315E8,2006,19,011
19113,,5.870434152231853E8,4.833046781138259E8,2006,19,113
19019,,7.284106712653701E8,4.608081504911254E8,2006,19,019
19013,,6.010388058186246E8,4.4895408744811755E8,2006,19,013
19171,,6.931368397851235E8,5.658786003781755E8,2006,19,171
19157,,6.122186368980124E8,4.2577032563831925E8,2006,19,157
19107,,4.6926035170867413E8,3.467525361894611E8,2006,19,107
19123,,5.636678597671415E8,3.52264749946415E8,2006,19,123
19179,,2.260121249048411E8,1.9514150867622054E8,2006,19,179
19101,,2.6361150333949423E8,2.5394000657493788E8,2006,19,101
19051,,1.5870655767599288E8,1.3558328373511583E8,2006,19,051
19177,,2.041618689922639E8,1.5229299794556317E8,2006,19,177
19087,,3.6434779349238235E8,2.3732997943823949E8,2006,19,087
29045,,2.144483743134218E8,2.5972612021288702E8,2006,29,045
29199,,1.4339398482312378E8,2.171977193361833E8,2006,29,199
29197,,3.134502920895925E7,5.310955635977443E7,2006,29,197
29001,,4.7186913537057675E7,1.1532815590973021E8,2006,29,001
29211,,4.111635152333817E7,7.370987458201952E7,2006,29,211
29171,,4.5167452990752086E7,6.2970616901022755E7,2006,29,171
19007,,1.4361327859036815E8,1.001012181751551E8,2006,19,007
19185,,2.3548705723400542E8,1.550637895351174E8,2006,19,185
19135,,1.2077505742292325E8,7.142602128407389E7,2006,19,135
19125,,4.141053890713216E8,2.145493815288612E8,2006,19,125
19117,,1.1704770028573814E8,8.554877291198754E7,2006,19,117
19181,,3.437673432911943E8,2.0710429746276745E8,2006,19,181
19039,,1.4763201531591797E8,9.261804689134137E7,2006,19,039
19053,,1.6979231710597765E8,7.836444807499954E7,2006,19,053
29129,,5.66697990354923E7,8.260579218108559E7,2006,29,129
29079,,1.034140631441301E8,2.3858892952030486E8,2006,29,079
29081,,1.8838427234760693E8,1.7767880168687654E8,2006,29,081
29075,,1.4309778363896722E8,1.661902514118461E8,2006,29,075
29227,,5.461935215691183E7,5.904261783526613E7,2006,29,227
19159,,2.4510787392696524E8,1.2412558209049886E8,2006,19,159
19173,,4.4167663349145734E8,2.0558149457098532E8,2006,19,173
19003,,3.466371098819674E8,1.994585986045096E8,2006,19,003
19001,,5.094993753004353E8,3.9109599793731546E8,2006,19,001
19175,,2.415664733181045E8,1.7954953914359668E8,2006,19,175
19121,,3.0957012287634516E8,2.673465220278288E8,2006,19,121
19049,,5.826017541446625E8,4.322208805029521E8,2006,19,049
19153,,4.179846079133021E8,2.5713960195856747E8,2006,19,153
19077,,5.186721147212368E8,3.6314355977651215E8,2006,19,077
19073,,7.922315428702766E8,4.498664587362541E8,2006,19,073
19025,,9.030266639057983E8,4.20779779421799E8,2006,19,025
19187,,9.674843475260074E8,5.398413811524096E8,2006,19,187
19015,,7.133821141928543E8,4.038571438964995E8,2006,19,015
19079,,8.126889520559214E8,4.7882489569927716E8,2006,19,079
19169,,7.195593797460822E8,4.4633940608112705E8,2006,19,169
19083,,7.642391881499164E8,4.272706606427202E8,2006,19,083
19127,,6.473027267674279E8,4.8696218425920415E8,2006,19,127
19099,,7.934003503629004E8,5.095649920032752E8,2006,19,099
19075,,6.303171348485777E8,5.433082123320858E8,2006,19,075
19023,,7.158977874801258E8,4.7929167649312514E8,2006,19,023
19017,,5.103716589572861E8,3.218279551500178E8,2006,19,017
19069,,8.291441100513879E8,4.7836575438121647E8,2006,19,069
19067,,6.429216000159289E8,3.8018506465125686E8,2006,19,067
19033,,7.862460683077354E8,3.951409179848161E8,2006,19,033
19037,,6.285129575568949E8,3.815967199551627E8,2006,19,037
19089,,5.940570825016564E8,3.572671016724787E8,2006,19,089
19131,,6.340138641740553E8,3.643335461396456E8,2006,19,131
27099,,8.186831642701244E8,6.452903831931747E8,2006,27,099
27047,,8.452474747668405E8,5.732129290798742E8,2006,27,047
19195,,5.105595747895932E8,3.427520696235205E8,2006,19,195
19189,,5.311778666879476E8,3.4015586041513497E8,2006,19,189
27043,,9.363984683809172E8,6.424178412915877E8,2006,27,043
19081,,8.523252019567982E8,4.3888489830145E8,2006,19,081
19197,,7.906174451737657E8,5.095523530486248E8,2006,19,197
19091,,5.743979907322791E8,4.207020151962465E8,2006,19,091
19109,,1.4991027654169583E9,7.248447754432058E8,2006,19,109
19151,,8.110968406648265E8,5.486561630702872E8,2006,19,151
19147,,7.745928161948657E8,4.761338378224951E8,2006,19,147
19063,,5.046254164055E8,3.250282877627909E8,2006,19,063
27091,,9.246063190587935E8,6.41033336595884E8,2006,27,091
27161,,5.2369950561131054E8,3.2920664156433886E8,2006,27,161
27013,,8.686265157481877E8,5.803219658939996E8,2006,27,013
27079,,4.4158607071182823E8,2.3946640667198947E8,2006,27,079
27103,,5.687530988196785E8,2.7797339920097417E8,2006,27,103
27165,,5.430299068122845E8,4.172488623508708E8,2006,27,165
27143,,7.110143271951146E8,4.4755511160947084E8,2006,27,143
27139,,1.6941526170759636E8,1.1125316414304605E8,2006,27,139
27037,,3.6124500259804356E8,2.139429924922914E8,2006,27,037
27131,,3.85148180977816E8,2.4290683895446914E8,2006,27,131
27147,,4.6527575964526826E8,3.249629544536048E8,2006,27,147
27049,,6.191444015034026E8,3.29784447973783E8,2006,27,049
27039,,5.0859005645053333E8,3.461932085757824E8,2006,27,039
27109,,5.105628046399842E8,2.181582530896099E8,2006,27,109
27157,,3.438368968100819E8,1.2527131329186583E8,2006,27,157
55093,,3.176361981573649E8,8.537736712412156E7,2006,55,093
55091,,1.2964561853650783E8,3.095169115801164E7,2006,55,091
55011,,2.6289209932080114E8,6.2813107476224765E7,2006,55,011
55035,,2.255430225155418E8,6.1899148394577205E7,2006,55,035
55121,,3.266973413500107E8,9.658536400892118E7,2006,55,121
27169,,2.7059565136677134E8,9.247703123768215E7,2006,27,169
55063,,1.0890290231592792E8,3.982733589601308E7,2006,55,063
27055,,1.5089813160430646E8,8.516658929847291E7,2006,27,055
27045,,6.722000371387697E8,3.2932103541346234E8,2006,27,045
19191,,5.62939686637725E8,2.988088594922079E8,2006,19,191
19065,,7.34859973581875E8,5.0980337883427286E8,2006,19,065
19005,,2.301471269318781E8,1.227183770959085E8,2006,19,005
19043,,5.077171410112458E8,2.2627831856885198E8,2006,19,043
55023,,7.218918484149021E7,3.357949892008226E7,2006,55,023
55123,,1.5970720896587527E8,7.097049315273605E7,2006,55,123
55081,,1.7740980834244934E8,7.568440508054247E7,2006,55,081
55103,,1.0140637963070045E8,3.355475836796923E7,2006,55,103
55049,,2.362364881157763E8,1.0494755963150443E8,2006,55,049
55111,,3.172582024000081E8,1.0369346553091034E8,2006,55,111
55057,,1.6389492871790317E8,9.67386537013794E7,2006,55,057
55001,,1.6132573554537186E8,6.223196255440147E7,2006,55,001
55141,,1.715906970502717E8,4.702521468322012E7,2006,55,141
55053,,2.0756253157000965E8,6.952976690099066E7,2006,55,053
55097,,3.0097042892054546E8,8.934821226633087E7,2006,55,097
55137,,2.4900234258049074E8,9.455543306632894E7,2006,55,137
55077,,1.6399722062758806E8,5.184873195195337E7,2006,55,077
55135,,3.031918227130376E8,8.909906265907604E7,2006,55,135
55047,,2.449580621150551E8,5.9771198422049955E7,2006,55,047
55139,,2.587445390062682E8,8.354054343733986E7,2006,55,139
55039,,4.724652528430065E8,1.8064755668772694E8,2006,55,039
55087,,3.993509865639092E8,1.658476480919838E8,2006,55,087
55009,1.9871599319595054E8,2.5838757555386028E8,8.158302193347862E7,2006,55,009
55061,1.9116250812768593E9,1.7939128525411785E8,6.948287158143312E7,2006,55,061
55071,2.318763222220707E9,3.155738310416962E8,7.388825619600472E7,2006,55,071
55015,,2.1551230579708633E8,8.673981062734471E7,2006,55,015
55117,1.9335724892998133E9,2.4762965870802003E8,7.391558247595216E7,2006,55,117
55027,,6.562710044610167E8,2.8147114470119846E8,2006,55,027
55055,,4.0163753566803837E8,1.704401067836066E8,2006,55,055
55133,,1.3367793067150682E8,5.068847885947074E7,2006,55,133
55131,,1.593908027843743E8,7.84939951158768E7,2006,55,131
55089,2.250323987886058E9,8.519187384851508E7,3.053369784031694E7,2006,55,089
55079,2.4141967202106643E9,1.2633725474515546E7,5714551.0835561715,2006,55,079
55101,1.15552140162237E9,2.0481177245064652E8,9.200702036445816E7,2006,55,101
55059,1.2015644193984718E9,1.6867984918392375E8,6.705579603375412E7,2006,55,059
55127,,4.583008542529965E8,1.7447539930530983E8,2006,55,127
55105,,6.754458038620408E8,3.2938216157363E8,2006,55,105
55025,,7.830110502732515E8,2.959127514142737E8,2006,55,025
55045,,3.850558789687766E8,1.5262765617153415E8,2006,55,045
55021,,5.658539032465714E8,1.9341329994575074E8,2006,55,021
17177,,6.285623739626193E8,3.826042640216072E8,2006,17,177
17141,,9.671712099926516E8,4.64078710811059E8,2006,17,141
17201,,4.3438008640085185E8,2.134735804701665E8,2006,17,201
17007,,3.265733286072822E8,1.9785153152510554E8,2006,17,007
17037,,9.079017802048907E8,4.7047954474817795E8,2006,17,037
17103,,1.0653739355881647E9,4.9495860293777263E8,2006,17,103
17099,,1.296643976680189E9,9.780472934469054E8,2006,17,099
17011,,1.1335594632685394E9,6.370289757926725E8,2006,17,011
17155,,1.5052269088201445E8,9.67608634214355E7,2006,17,155
17175,,3.551130700224066E8,2.810431032911826E8,2006,17,175
17143,,4.33810676843907E8,3.6425390051727486E8,2006,17,143
17123,,4.25809321539032E8,3.019919199488257E8,2006,17,123
17203,,5.395624091044168E8,4.5230765974577546E8,2006,17,203
17179,,6.12013672518011E8,5.2775535857835376E8,2006,17,179
17129,,3.291960381075691E8,2.5528526976312488E8,2006,17,129
17107,,7.833701573565491E8,5.805579397987221E8,2006,17,107
17113,,1.4156564925313704E9,1.1491988705448847E9,2006,17,113
17039,,4.553729996347917E8,3.766867481783538E8,2006,17,039
17115,,6.69965419674116E8,4.8340237347962606E8,2006,17,115
17105,,1.25159895253104E9,1.0955789169734235E9,2006,17,105
17063,,4.7236815399804723E8,3.3725085086899483E8,2006,17,063
17197,,4.654749427270279E8,4.645775617031589E8,2006,17,197
17091,,7.740955596485285E8,5.785675808063971E8,2006,17,091
17053,,5.965495791500783E8,5.317681399567455E8,2006,17,053
17147,,5.533731716499149E8,4.4211369539656025E8,2006,17,147
17019,,1.1653292977377198E9,1.0234237990976422E9,2006,17,019
17075,,1.4002910998937635E9,1.1117547622885914E9,2006,17,075
17183,,9.179235972941823E8,8.881769480341011E8,2006,17,183
17031,1.755729087256379E9,2.993546539202498E7,2.7527344973192643E7,2006,17,031
17043,,1.7211817481373508E7,1.033195087301169E7,2006,17,043
17093,,3.243023609844105E8,2.589200809655596E8,2006,17,093
17089,,3.9411857711503E8,2.1974202704829678E8,2006,17,089
17097,2.3216372701945057E9,7.422566389348477E7,3.6369771951500505E7,2006,17,097
17111,,4.661128450480677E8,2.3343488892574587E8,2006,17,111
26021,2.498357903955179E9,2.0575240525724646E8,2.0102333623234126E8,2006,26,021
26159,1.1797333109994826E9,1.9649584417896533E8,1.3773534540635294E8,2006,26,159
26005,2.4984845965258656E9,2.899297406866302E8,2.1737854459470573E8,2006,26,005
18091,1.596543403544807E7,5.2091395702371746E8,3.6669586548301893E8,2006,18,091
18141,,3.3909687429145795E8,2.2363338190823516E8,2006,18,141
18149,,3.258255545995703E8,1.652633048400961E8,2006,18,149
18099,,4.2100833836330235E8,3.301040832001848E8,2006,18,099
18127,2.2951270852928838E8,2.794571683698149E8,2.1657124941444072E8,2006,18,127
18073,,6.341453747587628E8,4.9288205718964326E8,2006,18,073
18089,3.1000414014418435E8,2.618858779055202E8,2.118688655580076E8,2006,18,089
18111,,4.382079886559152E8,3.391130925910106E8,2006,18,111
18131,,5.188364545757028E8,3.5538760784921557E8,2006,18,131
18181,,6.064391453739823E8,4.998893015338738E8,2006,18,181
18007,,5.0042918691796064E8,4.6281479444761753E8,2006,18,007
18171,,3.4017241805011344E8,3.3559277094926465E8,2006,18,171
18045,,3.45091952587462E8,3.529452290521505E8,2006,18,045
18165,,1.984128529621439E8,1.731756334829054E8,2006,18,165
18121,,2.6538546961474726E8,2.555082867831791E8,2006,18,121
18157,,4.332297471818906E8,3.8956105878558034E8,2006,18,157
18107,,4.871105107756292E8,5.1206588369294834E8,2006,18,107
18015,,3.98339907531834E8,3.3045524793525004E8,2006,18,015
18023,,4.5255123528657275E8,4.2962202106727785E8,2006,18,023
18011,,4.270695314132899E8,4.119954136138692E8,2006,18,011
18063,,2.946195142971252E8,3.126970450996589E8,2006,18,063
18097,,3.417348925170827E7,4.496479281163881E7,2006,18,097
18067,,2.4668962711707166E8,3.0727272392131793E8,2006,18,067
18017,,4.028728105908166E8,3.497201413145962E8,2006,18,017
18049,,3.79745389272836E8,3.4077879769993514E8,2006,18,049
18103,,3.11090277771354E8,3.4737381426116115E8,2006,18,103
18085,,4.1019632636209476E8,4.467553841934661E8,2006,18,085
18169,,2.5304894050087872E8,4.3710823410605115E8,2006,18,169
18183,,2.180244612074458E8,3.394115177500382E8,2006,18,183
18069,,2.3876945722610343E8,4.3275421727750045E8,2006,18,069
18053,,2.9769749339147514E8,4.6259016707108533E8,2006,18,053
18159,,2.705179579256821E8,3.167981832966572E8,2006,18,159
18057,,2.4873594874825218E8,2.8961169908001333E8,2006,18,057
18059,,2.5114342669711238E8,3.176842664149737E8,2006,18,059
18095,,3.580932142530744E8,4.391329791367007E8,2006,18,095
18009,,1.2244165202855512E8,1.9748602607681975E8,2006,18,009
18035,,3.0101020354681015E8,3.6357692799551255E8,2006,18,035
18065,,3.343913712046792E8,3.607068307437324E8,2006,18,065
18135,,4.1952567574192274E8,4.838743510798849E8,2006,18,135
18177,,3.211330403256867E8,2.5991870146844637E8,2006,18,177
18075,,3.345321887305649E8,3.918123337070331E8,2006,18,075
18001,,2.5047684611405367E8,3.8022023294967175E8,2006,18,001
18179,,2.755104694215093E8,4.6869079175777316E8,2006,18,179
18003,,2.7354985218647176E8,5.545937813253124E8,2006,18,003
18033,,2.3791819326360148E8,2.70481155466801E8,2006,18,033
18113,,2.919782247651163E8,2.8874983136959285E8,2006,18,113
18151,,1.791032811051332E8,1.3831080433252552E8,2006,18,151
26023,,3.79587460889162E8,2.4483912157585245E8,2006,26,023
18087,,2.4092594084956762E8,1.795124644707055E8,2006,18,087
26149,,3.779161013543899E8,2.1652953672038794E8,2006,26,149
18039,,2.894683154984867E8,2.2739782318977714E8,2006,18,039
26027,,3.023794631276421E8,1.841277580423988E8,2006,26,027
26077,,2.1585152190558496E8,1.3113830703755146E8,2006,26,077
26015,,1.5327837617372018E8,1.1295863206534328E8,2006,26,015
26025,,3.755867018980869E8,2.247998797216273E8,2006,26,025
26045,,2.596620712133622E8,2.458417608869947E8,2006,26,045
26081,,1.725609059921612E8,9.215223880946285E7,2006,26,081
26067,,3.229112915187434E8,2.444148611147442E8,2006,26,067
26117,,2.679826610098436E8,1.1046483302810872E8,2006,26,117
26107,,8.090500027736773E7,2.352024991815138E7,2006,26,107
26073,,1.4692955006366256E8,1.7383714713708693E8,2006,26,073
26123,,1.0866429668176605E8,4.185502502275918E7,2006,26,123
26139,2.671583803485008E9,1.4199488209147134E8,1.207471535803742E8,2006,26,139
26121,2.4428916437395134E9,6.356446087030795E7,3.6069125001326494E7,2006,26,121
26127,1.979180876219014E9,7.26636047866534E7,4.511726400372075E7,2006,26,127
26105,1.8879881361330464E9,2.731108906111127E7,2.8114659635143567E7,2006,26,105
26101,1.860302434696392E9,4177501.9303667857,1453242.2694702148,2006,26,101
26019,1.3045820086824467E9,3413052.597510005,495860.4348144531,2006,26,019
26165,,3076518.342651367,3290564.3849487305,2006,26,165
26085,,1028964.0146484375,1152604.6072998047,2006,26,085
26133,,1.112754421095545E7,1.4991575253471825E7,2006,26,133
26113,,2.5714573783139218E7,2.389572566796492E7,2006,26,113
26035,,1.3556758033615772E7,1.0501004110294597E7,2006,26,035
26079,,2121765.205871582,1674696.392211914,2006,26,079
26039,,201158.90893554688,48720.93005371094,2006,26,039
26143,,226996.5297241211,66909.85534667969,2006,26,143
26129,,3.139184965872635E7,1.083940989163172E7,2006,26,129
26069,3.4658994615746818E9,2.3857667496816836E7,8386401.343105899,2006,26,069
26051,,3.652277140704154E7,2.2816819962956686E7,2006,26,051
26011,8.05597352438318E8,8.293790309075375E7,4.705886315454674E7,2006,26,011
26017,4.5693030953412324E8,2.6455946142920184E8,1.3057451600516835E8,2006,26,017
26063,3.341373830298131E9,7.018950955605241E8,2.76828356254485E8,2006,26,063
26157,2.3528102709821588E8,4.7743410684282506E8,2.682549127524053E8,2006,26,157
26111,,1.0216866603401287E8,8.171644833382115E7,2006,26,111
26057,,3.5657080841879404E8,3.033867215389527E8,2006,26,057
26145,,4.5788918615462E8,3.131762192528129E8,2006,26,145
26037,,2.716260990429915E8,2.747577433823745E8,2006,26,037
26155,,2.144555027437103E8,3.084100032620713E8,2006,26,155
26075,,2.4891843382936925E8,1.4097965786736557E8,2006,26,075
26065,,2.3094579378615677E8,1.8831119237695146E8,2006,26,065
26093,,8.834808077832389E7,6.603049818255495E7,2006,26,093
26161,,1.5951360979035044E8,1.9212484265900138E8,2006,26,161
26125,,1.4656327338317394E7,9280527.423134957,2006,26,125
26049,,1.2711143181593685E8,1.2055237736312822E8,2006,26,049
26087,,2.1156171683775827E8,1.4424689651567334E8,2006,26,087
26151,1.6174442288670652E9,5.460147534926091E8,4.8559262039763975E8,2006,26,151
26147,3.3109044967197585E8,1.7950074421865094E8,2.397368862240433E8,2006,26,147
26163,1.8279002764006037E8,9551278.466962269,1.6235983829155896E7,2006,26,163
26099,2.3250146681567788E8,7.770514401836847E7,8.55706994776956E7,2006,26,099
39007,1.6859931764441905E9,9.301162464298813E7,8.69808033079293E7,2006,39,007
39085,1.9534746418387604E9,1016360.7321777344,484663.70806884766,2006,39,085
39035,2.0225002843704295E9,434611.95623779297,367249.74448768765,2006,39,035
39093,1.0920454711935472E9,8.134031969655114E7,2.2888146148567474E8,2006,39,093
39103,,5.602950530315923E7,1.0876354146075271E8,2006,39,103
39005,,1.2377827432055664E8,1.8518339657705244E8,2006,39,005
39169,,1.639818417352036E8,2.713162691953749E8,2006,39,169
39153,,4288831.646240234,7066849.222831218,2006,39,153
39055,,1.1174328393677237E7,9023123.323124904,2006,39,055
39133,,5.00883474831689E7,5.642038770107183E7,2006,39,133
39151,,8.329347726143536E7,1.1158008092433341E8,2006,39,151
39155,5236766.223275937,9.38724203471153E7,6.6347452618105404E7,2006,39,155
39099,4373056.326645077,5.9849413386846095E7,3.982658646799747E7,2006,39,099
39029,3145671.8322466677,6.592091131462546E7,6.663314533179191E7,2006,39,029
39081,1.565592091981225E7,1300038.7809302236,353904.2570889342,2006,39,081
39013,5488313.485102635,19288.488891601562,15138.841613769531,2006,39,013
39111,5954644.21400003,281068.6723022461,78119.93525989009,2006,39,111
39121,,36614.326171875,60727.97869873047,2006,39,121
39059,,6419620.07078283,6808781.191434494,2006,39,059
39157,,3.9685888485304415E7,5.4802750269323975E7,2006,39,157
39067,,4378473.749104578,3092860.83519694,2006,39,067
39019,,1.4729512459199077E7,1.157321626859634E7,2006,39,019
39075,,4.127640565153212E7,6.083265715374974E7,2006,39,075
39031,,5.407075432643732E7,7.37199679259538E7,2006,39,031
39083,,1.7776830508485946E8,2.236123944738181E8,2006,39,083
39089,,1.8249023209439287E8,2.692028402475375E8,2006,39,089
39119,,3.405747471506515E7,4.432731469140697E7,2006,39,119
39115,,4478457.430772729,3879948.146688783,2006,39,115
39127,,5.563177948053937E7,5.316770826298803E7,2006,39,127
39045,,2.258484907344872E8,2.4191939177247018E8,2006,39,045
39117,,1.7237739524094048E8,2.906132148956922E8,2006,39,117
39041,,1.9056240177311867E8,2.754266792023636E8,2006,39,041
39049,,7.710413805786325E7,1.3778614934483284E8,2006,39,049
39129,,3.5247268054554987E8,4.478018831599427E8,2006,39,129
39159,,3.0931333509458816E8,4.0303899936090505E8,2006,39,159
39097,,3.5565654826599604E8,5.503595937668635E8,2006,39,097
39023,,2.99293542527268E8,2.581398265122902E8,2006,39,023
39021,,4.9120025011618245E8,2.3855866684269255E8,2006,39,021
39091,,4.7998735952637273E8,1.703322632670295E8,2006,39,091
39101,,2.9342565344184744E8,4.2159522435757905E8,2006,39,101
39033,,2.854297301715482E8,3.939956160513246E8,2006,39,033
39175,,2.7565533239597917E8,4.1076006605035E8,2006,39,175
39065,,5.382778326429529E8,3.1757910388438004E8,2006,39,065
39063,,6.811280091407061E8,2.184920756112121E8,2006,39,063
39147,,3.524759234436189E8,5.640994181247584E8,2006,39,147
39077,,2.703705729130555E8,4.373595454991363E8,2006,39,077
39139,,1.4134141426626003E8,2.3098262091938955E8,2006,39,139
39043,9.843601587956194E8,1.1864208102120084E8,1.6096771406876987E8,2006,39,043
39143,1.2313081994039375E7,2.7582852569189894E8,3.874385060622193E8,2006,39,143
39123,8.76402812644667E8,1.0446477608809623E8,2.059922836292198E8,2006,39,123
39095,6.385883589336562E8,1.7632959641305175E8,6.631076581762935E7,2006,39,095
26115,2.774060024319496E8,3.044318776500225E8,2.8291590784491086E8,2006,26,115
39173,,8.509073656841261E8,1.4898763879678956E8,2006,39,173
39069,,6.22018237744665E8,1.5356349373604542E8,2006,39,069
39137,,7.422938622372869E8,1.193980084189929E8,2006,39,137
39039,,2.253818987186622E8,4.040991721382256E8,2006,39,039
39051,,4.0201921783749425E8,3.3034731466597676E8,2006,39,051
26091,,4.200787615002913E8,4.2080912114906794E8,2006,26,091
26059,,2.809533558492892E8,2.8555051548866826E8,2006,26,059
39171,,1.5968203200816244E8,3.890267088605335E8,2006,39,171
39125,,2.4085751320112434E8,4.3905031258558965E8,2006,39,125
39161,,3.464150442813088E8,4.7749707260107714E8,2006,39,161
39107,,4.4642556085508054E8,3.962182697833214E8,2006,39,107
39011,,5.283780169561238E8,1.2664782870667936E8,2006,39,011
39003,,5.0678637244153047E8,8.895097802834977E7,2006,39,003
39149,,5.169940276506069E8,1.5145065318148196E8,2006,39,149
39109,,4.334470847852695E8,2.0687046373098844E8,2006,39,109
39057,,2.3919162666526553E8,2.695093754915635E8,2006,39,057
39113,,1.867319160023319E8,1.2891327891010052E8,2006,39,113
39037,,6.527547667699562E8,4.8392080231242377E8,2006,39,037
39135,,3.354799192023077E8,3.1274121667866987E8,2006,39,135
18161,,1.569711013786577E8,1.0321166761343975E8,2006,18,161
39017,,8.67615385040271E7,1.0563390026117371E8,2006,39,017
18047,,1.454156986131018E8,1.1849804198091424E8,2006,18,047
18029,,2.9958324852835853E7,2.7147551758654065E7,2006,18,029
39061,,1.8202537287950955E7,1.1852312882254343E7,2006,39,061
39025,,5.673746515555948E7,9.99057228177468E7,2006,39,025
39165,,9.783453960994604E7,9.551635438631763E7,2006,39,165
39027,,2.677693995736822E8,4.195313272294962E8,2006,39,027
39047,,3.520833100120602E8,4.361322263527138E8,2006,39,047
39071,,1.9736141491537052E8,2.7643178672149754E8,2006,39,071
39015,,1.4697381274853843E8,2.351451889508313E8,2006,39,015
21037,,655851.2199707031,269201.4631958008,2006,21,037
21191,,2981014.6351864086,2015550.1225585938,2006,21,191
39001,,4.034464600360994E7,3.912528886663842E7,2006,39,001
21161,,7246249.844826132,7856111.88923316,2006,21,161
21023,,790365.0409959981,767000.0648655312,2006,21,023
21135,,5510382.22777698,7691750.544228229,2006,21,135
21069,,4883406.689483762,9345678.859128226,2006,21,069
21201,,2813.1004638671875,113228.60479736328,2006,21,201
21097,,6245608.627175724,4979832.558654785,2006,21,097
21081,,458072.5055541992,73636.20391845703,2006,21,081
21117,,61556.943115234375,50936.11065219057,2006,21,117
21015,,6064993.011413574,3397020.6640297086,2006,21,015
18115,,9337164.273888683,7350648.619289742,2006,18,115
18155,,2.3428456274077058E7,1.6952638868064493E7,2006,18,155
21077,,3510583.079785156,1778614.1951904297,2006,21,077
21187,,820517.7135057637,490336.33435058594,2006,21,187
21041,,1862994.8191327262,6486725.482778752,2006,21,041
21103,,7535144.211409745,8558257.021885533,2006,21,103
21073,,1952592.1176757812,2775414.058227539,2006,21,073
21209,,2540605.685904948,1715159.3347797468,2006,21,209
21017,,3237592.67046066,3171616.7667104686,2006,21,017
21067,,4686695.985753914,4958060.377542175,2006,21,067
21049,,2311399.9641295187,1550327.2835731655,2006,21,049
21151,,535667.2232666016,529321.4876098633,2006,21,151
21113,,1786773.2608846035,1145853.8873025333,2006,21,113
21239,,3772409.1898581116,2961430.4231998217,2006,21,239
21167,,4550618.377307129,2638033.8043777766,2006,21,167
21005,,701377.7883138021,363722.8626098633,2006,21,005
21021,,2676325.2996206246,2990712.3429610906,2006,21,021
21079,,820674.6499023438,570364.4624633789,2006,21,079
21137,,9716388.40509823,1.035734538707371E7,2006,21,137
21045,,5790076.665844966,8030276.339352118,2006,21,045
21199,,1.2909037496588495E7,1.5170857976734832E7,2006,21,199
21203,,1433425.2598876953,1714855.597603592,2006,21,203
21125,,107213.54165469899,103811.63781738281,2006,21,125
21065,,1472792.007019043,1477838.1782836914,2006,21,065
21197,,2467962.634338379,3863413.4752197266,2006,21,197
21109,,714.3550415039062,,2006,21,109
21051,,58030.124886546415,3576.2816772460938,2006,21,051
21189,,,,2006,21,189
21129,,,1422.86474609375,2006,21,129
21237,,,,2006,21,237
21165,,,,2006,21,165
21011,,3570131.2490310953,6629629.467504645,2006,21,011
21205,,1437959.2414653704,2921765.439293955,2006,21,205
21173,,390276.3428835402,403698.4663265452,2006,21,173
21181,,167885.8612060547,337015.32621615543,2006,21,181
21043,,335431.1255493164,601184.2225341797,2006,21,043
21063,,17670.654663085938,2826.4146728515625,2006,21,063
21089,,2279712.777709961,2751727.1639404297,2006,21,089
21127,1.5748650407401055E7,2829.7255859375,2121.0818481445312,2006,21,127
21175,,14883.706115722656,2834.306396484375,2006,21,175
21115,,709.5349731445312,,2006,21,115
21153,,29835.369018554688,2131.2152099609375,2006,21,153
21025,,,,2006,21,025
21193,,,,2006,21,193
21131,,,,2006,21,131
21119,,,,2006,21,119
21133,1840339.4015299492,,,2006,21,133
21071,,1423.4659423828125,,2006,21,071
21159,1.0587826004810272E7,1418.0955810546875,1420.0228881835938,2006,21,159
21195,1.894204588619432E7,6415.644226074219,16382.541259765625,2006,21,195
21019,1481036.9526955998,49357.47479248047,186861.6846923828,2006,21,019
39087,1216827.3402482576,3200864.907289273,2217844.7732543945,2006,39,087
39053,6272882.372522443,4637482.383902277,5355064.665455538,2006,39,053
39105,2.1617655637018174E7,4438632.89717108,4679511.804063984,2006,39,105
39163,,4150225.6610224703,2954135.8800924863,2006,39,163
39079,,8236320.720550178,3749394.0930807684,2006,39,079
39145,,3.357533340510183E7,3.56629658464839E7,2006,39,145
39131,,3.2984831956504192E7,3.681794036547086E7,2006,39,131
39141,,1.7893429462409335E8,1.891191321996079E8,2006,39,141
39073,,8790239.045241412,9689400.740875123,2006,39,073
39009,523816.27631165757,3577468.501899749,4146416.284057617,2006,39,009
39167,2.2369698898617968E7,1.1562402678921808E7,1.3021670607004922E7,2006,39,167
21095,1.1354222219196383E7,,,2006,21,095
21013,7215792.531202851,128071.33203125,2878.018310546875,2006,21,013
21121,,245076.08392333984,2875.9611206054688,2006,21,121
21235,7053920.5690977825,248999.82080078125,194531.90985107422,2006,21,235
21147,1.570466573437881E7,51158.19982910156,720.5479125976562,2006,21,147
21231,7117233.805170511,1.2970644575941376E7,1.411206699752317E7,2006,21,231
21207,,5688498.975599101,7134868.360507859,2006,21,207
21141,1.5958917227925863E7,2.079219115281034E8,1.3056837847825447E8,2006,21,141
21219,2.2565132511840098E7,1.8266194229968068E8,7.929557191017659E7,2006,21,219
21047,2.5506228648994714E7,2.523688900342596E8,9.125939017216843E7,2006,21,047
21177,,4.465707604987558E7,5.624984535540244E7,2006,21,177
21107,,9.480338181837755E7,1.462210078360732E8,2006,21,107
21031,,4.997496197646101E7,5.102693023815894E7,2006,21,031
21183,,9.420743296341024E7,1.2465225557659432E8,2006,21,183
21227,,9.051577082914416E7,5.678509001776433E7,2006,21,227
21213,1.4568226007327795E7,1.2504384673630114E8,7.664805936785822E7,2006,21,213
21003,1.1269755225071814E7,3424317.0611462165,3137740.2395132026,2006,21,003
21061,,3597449.2768006567,1.0754602867345713E7,2006,21,061
21009,,3.564517816065387E7,3.2566267332138486E7,2006,21,009
21099,,8022811.695062615,8398599.792674106,2006,21,099
21169,,2219788.234961416,4489947.258474073,2006,21,169
21087,,9831605.392150402,1.11576972129574E7,2006,21,087
21171,2.5563875139047176E7,4243570.851767626,3953128.8119181315,2006,21,171
21053,2222447.0692895018,1946265.977979473,2058992.0920290481,2006,21,053
21057,661761.4374830055,2003182.0859985352,3958290.9948120117,2006,21,057
21001,,7324216.401786056,9534243.035018861,2006,21,001
21217,,1.789035819678907E7,2.092395383976046E7,2006,21,217
21155,,2.534938300170898E7,2.596503254674551E7,2006,21,155
21229,,7113494.111036114,1.0339287675739123E7,2006,21,229
21179,,3.476271207252173E7,3.5836775929587215E7,2006,21,179
21029,,5138918.708812039,9515698.78732551,2006,21,029
21123,,4.6917131435448036E7,6.794612865774283E7,2006,21,123
21093,,8.170185385166758E7,9.372368297307032E7,2006,21,093
21085,,1.784187726877106E7,2.453738909009148E7,2006,21,085
21027,,3.555225136389783E7,4.644829293232638E7,2006,21,027
21163,,2.809262557323812E7,4.151926554162286E7,2006,21,163
21111,,2300264.6419888367,3530152.5483829277,2006,21,111
18043,,6524967.926288919,8375871.947972197,2006,18,043
18061,,8.910121342746945E7,8.166766817580469E7,2006,18,061
18019,,6.448026832943449E7,7.860784213735734E7,2006,18,019
18175,,1.5158691482551673E8,1.7147886711352637E8,2006,18,175
18025,,8051718.199823835,9903504.243181057,2006,18,025
18143,,4.601623281179557E7,7.437387095377278E7,2006,18,143
21185,,8226861.132647107,7552789.741936179,2006,21,185
21223,,2568865.90820504,8632451.6836275,2006,21,223
21211,,4.36837236151889E7,4.283748171306966E7,2006,21,211
21215,,1.056190753931789E7,1.3502661631150668E7,2006,21,215
18077,,5.948578362791149E7,1.2226226691048154E8,2006,18,077
18079,,1.430694042765297E8,1.789403326541547E8,2006,18,079
18137,,1.8310189861953434E8,2.0212416134610593E8,2006,18,137
18031,,3.1362858724379724E8,3.0257066033612E8,2006,18,031
18041,,1.5828680482187212E8,1.2896432599491775E8,2006,18,041
18139,,4.237104892630549E8,4.250029770483242E8,2006,18,139
18145,,4.129707689528571E8,3.849341808254265E8,2006,18,145
18005,,2.594788516099902E8,2.4632670643443787E8,2006,18,005
18081,,2.0577835595580316E8,1.923820161096693E8,2006,18,081
18109,,1.8361368876622295E8,1.6117793486253986E8,2006,18,109
18013,,8746855.203202311,6178402.907333553,2006,18,013
18071,,2.119181024287428E8,3.1015186689717853E8,2006,18,071
18117,,8.092528509470789E7,7.122830773763688E7,2006,18,117
18093,,5.8191986574703686E7,6.327911362973204E7,2006,18,093
18101,,6.1567360300887525E7,5.369182656316348E7,2006,18,101
18055,,2.1338699000503817E8,2.0026690199003762E8,2006,18,055
18105,,1.93692957302507E7,2.229747566506947E7,2006,18,105
18119,,7.676371165469682E7,8.66299151050446E7,2006,18,119
18133,,2.867857869848668E8,2.6993330667975426E8,2006,18,133
18021,,2.2960155794639054E8,2.4553596905834782E8,2006,18,021
18167,,2.2997200251955074E8,2.1668399180344433E8,2006,18,167
17045,,6.648358360538605E8,6.290102484427654E8,2006,17,045
17023,,3.560540870360749E8,4.2309188589831495E8,2006,17,023
17033,,3.2405268455063474E8,3.6571234203952014E8,2006,17,033
18153,,2.994610175679559E8,2.954249538151818E8,2006,18,153
18083,,4.869501124830646E8,4.236498813526635E8,2006,18,083
18027,,3.3527167832736814E8,2.976799815021213E8,2006,18,027
17101,,3.1205771675610626E8,2.936571304847141E8,2006,17,101
18051,,4.518663891333511E8,3.35032491857043E8,2006,18,051
18125,,1.3716036597872314E8,1.5383123852880117E8,2006,18,125
18173,,1.4149238770731655E8,1.5050087673895848E8,2006,18,173
18163,,1.393418427631376E8,8.743846169160995E7,2006,18,163
18147,,2.0858838228808543E8,2.4154339890035015E8,2006,18,147
18037,,1.9417886970944947E8,1.636153971687179E8,2006,18,037
21091,,2.3183112414149866E7,4.4580821410691686E7,2006,21,091
18123,,3.1303567859539915E7,4.313699539117959E7,2006,18,123
21059,,2.244285145542878E8,2.7653121904202425E8,2006,21,059
21149,,1.420639675443474E8,1.842006563081363E8,2006,21,149
21101,,2.960293531819027E8,3.1301766452733403E8,2006,21,101
21233,,1.3377614861964254E8,1.628652251630519E8,2006,21,233
21033,,7.11341317864727E7,5.231942306514127E7,2006,21,033
21055,,3.1300876941573318E7,4.547653943567612E7,2006,21,055
21225,,2.9203004542498034E8,1.9007816716527674E8,2006,21,225
18129,,3.725719247452753E8,2.7812275407546175E8,2006,18,129
17059,,3.067811820381922E8,2.2124363696880084E8,2006,17,059
17193,,3.741549916108346E8,4.289706213491553E8,2006,17,193
17069,,7523864.161557426,1.720949590280331E7,2006,17,069
21139,,3.328331877852496E7,4.8283270196764424E7,2006,21,139
17165,,2.0067683760314444E8,2.1747502809560725E8,2006,17,165
17151,,3.019473755089207E7,4.651419572610079E7,2006,17,151
17127,,9.794815688216126E7,1.1731362442187831E8,2006,17,127
17087,,2.4287761619537953E7,4.703762697352654E7,2006,17,087
17199,,5.748529833616547E7,1.0335742687372868E8,2006,17,199
17055,,1.4501519319988823E8,2.6648426857230031E8,2006,17,055
17065,,2.560882785292412E8,3.181341415224132E8,2006,17,065
17191,,4.692779736109643E8,5.265341503837011E8,2006,17,191
17081,,1.6003747986709726E8,3.2198951163182116E8,2006,17,081
17121,,2.6382961485984397E8,3.2788856539978135E8,2006,17,121
17025,,2.952249888928303E8,3.747881615422271E8,2006,17,025
17159,,2.730965430419891E8,3.1224947126564896E8,2006,17,159
17047,,1.7153940097930217E8,1.7363065815096727E8,2006,17,047
17185,,2.164211851442895E8,1.949892723960705E8,2006,17,185
17079,,3.54337396423099E8,4.982395381779201E8,2006,17,079
17035,,2.4378534444086784E8,3.288371718836337E8,2006,17,035
17029,,4.743085921063435E8,4.7609791583007824E8,2006,17,029
17041,,4.796516450527071E8,4.4711560845620716E8,2006,17,041
17173,,7.212234502669092E8,6.063266551414336E8,2006,17,173
17139,,3.965481917497385E8,3.037005866813417E8,2006,17,139
17049,,3.182883355059222E8,3.555930809461375E8,2006,17,049
17051,,4.3398905134465384E8,4.717315017477111E8,2006,17,051
17027,,3.6057604473459953E8,3.3384857346429724E8,2006,17,027
17005,,2.4045971602998993E8,2.534086283915205E8,2006,17,005
17135,,6.965979598644964E8,5.2878680513915545E8,2006,17,135
17021,,9.07057937810057E8,5.857961612632246E8,2006,17,021
17167,,9.694289039941552E8,5.935068170501552E8,2006,17,167
17189,,3.282300497885805E8,4.9158953284034604E8,2006,17,189
17145,,1.724781964805216E8,2.972623115143904E8,2006,17,145
17077,,1.6251127114409947E8,2.5274687126483458E8,2006,17,077
17181,,5.558324665057829E7,8.8099040214979E7,2006,17,181
17153,,8.244832581965503E7,1.311242687570365E8,2006,17,153
17003,,7.168046680226356E7,1.3953349935782546E8,2006,17,003
29031,,1.0555627542739448E8,1.9061757945070797E8,2006,29,031
29201,,2.656953388785317E8,4.154819765896991E8,2006,29,201
29133,,2.5043998398079693E8,5.3546443871280456E8,2006,29,133
29143,8946963.815762866,2.925197484124838E8,1.1728354892570071E9,2006,29,143
29155,1.9237339728114706E7,1.460319149738894E8,9.505231126744219E8,2006,29,155
21075,1678964.2605638688,8.630422859033564E7,1.9560619089982545E8,2006,21,075
21105,,1.528822100150608E8,1.291551724960884E8,2006,21,105
21083,,1.9582897007570106E8,2.0321707347382742E8,2006,21,083
21039,,9.17114095233037E7,9.631307936069885E7,2006,21,039
21145,,5.043920433411725E7,9.440487089427657E7,2006,21,145
21007,,1.0183005742028734E8,1.2261744289962754E8,2006,21,007
21157,,2.5895364098156977E7,5.286897237549618E7,2006,21,157
21035,2136101.752974926,1.3010089516732967E8,1.3631971117926753E8,2006,21,035
21143,,1.9997767605716478E7,1.884104669661148E7,2006,21,143
21221,1.5374560012824569E7,6.6995554806493446E7,3.432699591852763E7,2006,21,221
